Age,Profession,Sex,Province,S_Occasion,S_Frequency,S_Screentime,S_Time(weekday),S_Time(weekend),S_Usage(festival),S_Influence,C_Frequency,C_Favorite,C_BestBrand,C_Occasion,C_Fresh_Taste,C_Intense,C_Smooth,C_Acidic,C_Aroma,C_Alert,C_Origin,C_Portable,C_Value,C_Nutrition,C_Brand_Trust,C_Premium_Look,T_Occasion,T_Frequency,T_Favorite,T_Reason,T_Trial,T_Channel,T_Aroma,T_Intense,T_No_Sugar,T_Zero_Cal,T_Nutrition,T_Origin,T_Brew_Method,T_Portable,T_Brand_Trust,T_Premium_Look,Cluster_ID
23-29ปี,พนักงานบริษัทเอกชน,ชาย,กรุงเทพมหานคร,Instagram,5-6 ครั้ง/อาทิตย์,5-6 ชม./วัน,"05.00-8.59น., 18.00-21.59น., 22.01-4.59น.","05.00-8.59น., 9.00-17.59น., 18.00-21.59น., 22.01-4.59น.",ใช้มากกว่าปกติ,"โซเชียลมีเดีย เช่น Facebook, Instagram, Twitter, TikTok",กาแฟสดคั่วบด เช่น ร้านกาแฟสด,กาแฟสดคั่วบด,ไม่ดื่มกาแฟ Ready to drink เลย,ไม่ดื่มกาแฟ Ready to drink เลย,3.0,3.0,3.0,3.0,3.0,3.0,3.0,3.0,3.0,3.0,3.0,3.0,ดื่มระหว่างมื้ออาหาร แทนเครื่องดื่มอื่นๆ เช่น ชานม,ชาแก้วขายตามร้าน เช่น Kamu,ชาแก้วขายตามร้าน เช่น Kamu,อร่อย,"ลองเมื่อมีโปรโมชั่น ณ​ จุดขาย, ลองถ้าเห็นโฆษณาน่าสนใจ, ลองถ้าเห็นคนรีวิวเยอะ, ลองถ้ามีสินค้ามาแจก (Product Sampling)",ซื้อจากร้านสะดวกซื้อ เช่น 7-11,3.0,3.0,4.0,3.0,3.0,3.0,3.0,4.0,3.0,3.0,ชอบทั้งกาแฟและชา
23-29ปี,พนักงานบริษัทเอกชน,หญิง,กรุงเทพมหานคร,LINE,ทุกวัน,มากกว่า 6 ชม./วัน,"18.00-21.59น., 22.01-4.59น.","9.00-17.59น., 18.00-21.59น., 22.01-4.59น.",ใช้มากกว่าปกติ,"โซเชียลมีเดีย เช่น Facebook, Instagram, Twitter, TikTok, แพลตฟอร์มวิดีโอ เช่น YouTube, VIU",กาแฟสดคั่วบด เช่น ร้านกาแฟสด,กาแฟสดคั่วบด,ไม่ดื่มกาแฟ Ready to drink เลย,ไม่ดื่มกาแฟ Ready to drink เลย,5.0,3.0,5.0,3.0,3.0,3.0,3.0,3.0,3.0,3.0,3.0,3.0,ดื่มให้ตื่นตัวในตอนเช้า,"ชาขวดพร้อมดื่ม เช่น Tea P+, Orishi",ชาแก้วขายตามร้าน เช่น Kamu,อร่อย,"ลองถ้าเห็นโฆษณาน่าสนใจ, ลองถ้าเห็นคนรีวิวเยอะ",ซื้อจากร้านสะดวกซื้อ เช่น 7-11,4.0,4.0,5.0,5.0,4.0,4.0,3.0,5.0,3.0,5.0,ชอบทั้งกาแฟและชา
23-29ปี,พนักงานบริษัทเอกชน,หญิง,กรุงเทพมหานคร,LINE,ทุกวัน,3-4 ชม./วัน,"9.00-17.59น., 18.00-21.59น., 22.01-4.59น.","9.00-17.59น., 18.00-21.59น., 22.01-4.59น.",ใช้น้อยกว่าปกติ,"โซเชียลมีเดีย เช่น Facebook, Instagram, Twitter, TikTok, แพลตฟอร์มวิดีโอ เช่น YouTube, VIU",กาแฟสดคั่วบด เช่น ร้านกาแฟสด,กาแฟสดคั่วบด,Arabic,ดื่มให้ไม่ง่วงในวันที่ทำงานดึก,1.0,1.0,5.0,1.0,2.0,5.0,1.0,2.0,2.0,2.0,1.0,1.0,ดื่มระหว่างวันเหมือน/แทนน้ำเปล่า,"ชาขวดพร้อมดื่ม เช่น Tea P+, Orishi",ชาแก้วขายตามร้าน เช่น Kamu,อร่อย,ลองเลย ชอบลองของออกใหม่อยู่แล้ว,ซื้อจากร้านสะดวกซื้อ เช่น 7-11,4.0,2.0,1.0,1.0,1.0,1.0,1.0,3.0,1.0,3.0,ชอบกาแฟ
30-39ปี,ฟรีแลนซ์/อาชีพอิสระ,ชาย,กรุงเทพมหานคร,LINE,ทุกวัน,5-6 ชม./วัน,18.00-21.59น.,18.00-21.59น.,ใช้เท่าเดิม,"โซเชียลมีเดีย เช่น Facebook, Instagram, Twitter, TikTok, แพลตฟอร์มวิดีโอ เช่น YouTube, VIU",แคปซูลกาแฟ,กาแฟสดคั่วบด,ไม่ดื่มกาแฟ Ready to drink เลย,ไม่ดื่มกาแฟ Ready to drink เลย,5.0,5.0,5.0,1.0,5.0,3.0,2.0,3.0,1.0,3.0,4.0,4.0,ดื่มระหว่างวันเหมือน/แทนน้ำเปล่า,ชาแก้วขายตามร้าน เช่น Kamu,ชาแก้วขายตามร้าน เช่น Kamu,อร่อย,"ลองถ้าเห็นคนรีวิวเยอะ, ลองถ้ามีสินค้ามาแจก (Product Sampling)",ซื้อจากร้านสะดวกซื้อ เช่น 7-11,5.0,5.0,5.0,5.0,3.0,2.0,2.0,3.0,3.0,4.0,ชอบทั้งกาแฟและชา
23-29ปี,พนักงานบริษัทเอกชน,ชาย,กรุงเทพมหานคร,Facebook,ทุกวัน,3-4 ชม./วัน,"9.00-17.59น., 18.00-21.59น.","9.00-17.59น., 18.00-21.59น., 22.01-4.59น.",ใช้เท่าเดิม,"สื่อ ณ จุดขาย, โซเชียลมีเดีย เช่น Facebook, Instagram, Twitter, TikTok",กาแฟสดคั่วบด เช่น ร้านกาแฟสด,กาแฟสดคั่วบด,ไม่ดื่มกาแฟ Ready to drink เลย,ไม่ดื่มกาแฟ Ready to drink เลย,1.0,1.0,1.0,1.0,1.0,1.0,1.0,1.0,1.0,1.0,1.0,1.0,ดื่มระหว่างมื้ออาหาร แทนเครื่องดื่มอื่นๆ เช่น ชานม,"ชาขวดพร้อมดื่ม เช่น Tea P+, Orishi","ชาขวดพร้อมดื่ม เช่น Tea P+, Orishi",ชาจืดๆหาง่าย,"ลองเลย ชอบลองของออกใหม่อยู่แล้ว, ลองถ้าเห็นโฆษณาน่าสนใจ",ซื้อจากร้านสะดวกซื้อ เช่น 7-11,5.0,5.0,5.0,1.0,5.0,3.0,3.0,3.0,3.0,3.0,ชอบชา
23-29ปี,พนักงานบริษัทเอกชน,หญิง,กรุงเทพมหานคร,LINE,ทุกวัน,3-4 ชม./วัน,"18.00-21.59น., 22.01-4.59น.","9.00-17.59น., 18.00-21.59น., 22.01-4.59น.",ใช้มากกว่าปกติ,"โซเชียลมีเดีย เช่น Facebook, Instagram, Twitter, TikTok, แพลตฟอร์มวิดีโอ เช่น YouTube, VIU",กาแฟสดคั่วบด เช่น ร้านกาแฟสด,กาแฟสดคั่วบด,Newcafe,ดื่มให้ไม่ง่วงในวันที่ทำงานดึก,4.0,4.0,5.0,2.0,4.0,4.0,4.0,5.0,4.0,5.0,5.0,5.0,"ดื่มให้ตื่นตัวในตอนเช้า, ดื่มให้ตื่นตัวระหว่างทำงานเวลากลางวัน","ชาขวดพร้อมดื่ม เช่น Tea P+, Orishi",ชาแก้วขายตามร้าน เช่น Kamu,ชาแก้วอร่อย ชาขวดถูกดี,ลองถ้าเห็นคนรีวิวเยอะ,"ซื้อจากร้านสะดวกซื้อ เช่น 7-11, ซื้อจากซุปเปอร์มาเก็ต เช่น Tops",4.0,4.0,3.0,3.0,3.0,4.0,3.0,4.0,5.0,4.0,ชอบทั้งกาแฟและชา
30-39ปี,ธุรกิจส่วนตัว,ชาย,กรุงเทพมหานคร,Facebook,ทุกวัน,มากกว่า 6 ชม./วัน,"9.00-17.59น., 18.00-21.59น., 22.01-4.59น.","9.00-17.59น., 18.00-21.59น., 22.01-4.59น.",ใช้มากกว่าปกติ,"บิลบอร์ด/ป้ายโฆษณา, โซเชียลมีเดีย เช่น Facebook, Instagram, Twitter, TikTok, แอปพลิเคชั่นแชท/ส่งเมสเสจ เช่น LINE, Facebook Messenger, แพลตฟอร์มวิดีโอ เช่น YouTube, VIU",ไม่ดื่มกาแฟประเภทใดเลย,ไม่ดื่มกาแฟ,ไม่ดื่มกาแฟ Ready to Drink เลย,ไม่ดื่มกาแฟ,0.0,0.0,0.0,0.0,0.0,0.0,0.0,0.0,0.0,0.0,0.0,0.0,"ดื่มระหว่างวันเหมือน/แทนน้ำเปล่า, ดื่มระหว่างมื้ออาหาร แทนเครื่องดื่มอื่นๆ เช่น ชานม, เพราะอร่อย หวาน เหมือนกินน้ำหวาน",ชาแก้วขายตามร้าน เช่น Kamu,ชาแก้วขายตามร้าน เช่น Kamu,อร่อยกว่า,"ลองถ้าเห็นคนรีวิวเยอะ, ลองถ้ามีสินค้ามาแจก (Product Sampling)",ซื้อจากร้านสะดวกซื้อ เช่น 7-11,4.0,3.0,3.0,3.0,1.0,1.0,1.0,3.0,3.0,3.0,ชอบชา
23-29ปี,ว่างงาน,ชาย,ลพบุรี,Facebook,3-4 ครั้ง/อาทิตย์,1-2 ชม./วัน,18.00-21.59น.,18.00-21.59น.,ใช้เท่าเดิม,"โทรทัศน์, โซเชียลมีเดีย เช่น Facebook, Instagram, Twitter, TikTok",ไม่ดื่มกาแฟประเภทใดเลย,ไม่ดื่มกาแฟ,ไม่ดื่มกาแฟ Ready to Drink เลย,ไม่ดื่มกาแฟ,0.0,0.0,0.0,0.0,0.0,0.0,0.0,0.0,0.0,0.0,0.0,0.0,ดื่มระหว่างเดินทาง/ขับรถ,"ชงเอง เช่น ผงชา, ใบชา, ถุงชา","ชงเอง เช่น ผงชา, ใบชา, ถุงชา",หอมสะดวกสบาย ราคาไม่แพง,ลองถ้าเห็นโฆษณาน่าสนใจ,ซื้อจากร้านสะดวกซื้อ เช่น 7-11,5.0,4.0,2.0,2.0,1.0,3.0,3.0,3.0,1.0,1.0,ชอบชา
30-39ปี,พนักงานบริษัทเอกชน,หญิง,กรุงเทพมหานคร,LINE,ทุกวัน,มากกว่า 6 ชม./วัน,"05.00-8.59น., 9.00-17.59น., 18.00-21.59น., 22.01-4.59น.","05.00-8.59น., 9.00-17.59น., 18.00-21.59น., 22.01-4.59น.",ใช้มากกว่าปกติ,"โซเชียลมีเดีย เช่น Facebook, Instagram, Twitter, TikTok",ไม่ดื่มกาแฟประเภทใดเลย,ไม่ดื่มกาแฟ,ไม่ดื่มกาแฟ Ready to Drink เลย,ไม่ดื่มกาแฟ,0.0,0.0,0.0,0.0,0.0,0.0,0.0,0.0,0.0,0.0,0.0,0.0,"ดื่มระหว่างทำงานอดิเรกต่างๆ เช่น ดูซีรีส์, ฟังเพลง, ดูบอล","ชาขวดพร้อมดื่ม เช่น Tea P+, Orishi","ชาขวดพร้อมดื่ม เช่น Tea P+, Orishi",รู้สึกดีต่อสุขภาพ,ลองเมื่อมีโปรโมชั่น ณ​ จุดขาย,ซื้อจากร้านสะดวกซื้อ เช่น 7-11,5.0,4.0,4.0,3.0,4.0,4.0,4.0,4.0,5.0,5.0,ชอบชา
23-29ปี,พนักงานบริษัทเอกชน,หญิง,นนทบุรี,TikTok,5-6 ครั้ง/อาทิตย์,5-6 ชม./วัน,"05.00-8.59น., 9.00-17.59น., 18.00-21.59น., 22.01-4.59น.","18.00-21.59น., 22.01-4.59น.",ใช้มากกว่าปกติ,"โซเชียลมีเดีย เช่น Facebook, Instagram, Twitter, TikTok",กาแฟสดคั่วบด เช่น ร้านกาแฟสด,กาแฟสดคั่วบด,ไม่ดื่มกาแฟ Ready to drink เลย,ไม่ดื่มกาแฟ Ready to drink เลย,5.0,3.0,5.0,4.0,5.0,5.0,1.0,1.0,5.0,5.0,1.0,1.0,ไม่ดื่มชา,ไม่ดื่มชา,ไม่ดื่มชา,ไม่ดื่มชา,ไม่ลอง,ไม่ซื้อชา ready to drink,0.0,0.0,0.0,0.0,0.0,0.0,0.0,0.0,0.0,0.0,ชอบกาแฟ
30-39ปี,พนักงานบริษัทเอกชน,หญิง,กรุงเทพมหานคร,Facebook,ทุกวัน,มากกว่า 6 ชม./วัน,"9.00-17.59น., 18.00-21.59น., 22.01-4.59น.","9.00-17.59น., 18.00-21.59น., 22.01-4.59น.",ใช้เท่าเดิม,"โซเชียลมีเดีย เช่น Facebook, Instagram, Twitter, TikTok",ไม่ดื่มกาแฟประเภทใดเลย,ไม่ดื่มกาแฟ,ไม่ดื่มกาแฟ Ready to Drink เลย,ไม่ดื่มกาแฟ,0.0,0.0,0.0,0.0,0.0,0.0,0.0,0.0,0.0,0.0,0.0,0.0,"ดื่มให้ตื่นตัวระหว่างทำงานเวลากลางวัน, ดื่มระหว่างมื้ออาหาร แทนเครื่องดื่มอื่นๆ เช่น ชานม, ดื่มหลังมื้ออาหารที่เป็นอาหารทอด น้ำมันเยอะๆ, ดื่มระหว่างทำงานอดิเรกต่างๆ เช่น ดูซีรีส์, ฟังเพลง, ดูบอล, ดื่มระหว่างเดินทาง/ขับรถ",ชาแก้วขายตามร้าน เช่น Kamu,ชาแก้วขายตามร้าน เช่น Kamu,สะดวก อร่อย มีหลายแบบ,"ลองถ้าเห็นโฆษณาน่าสนใจ, ลองถ้าเห็นคนรีวิวเยอะ","ซื้อจากร้านสะดวกซื้อ เช่น 7-11, ซื้อจากซุปเปอร์มาเก็ต เช่น Tops",4.0,4.0,4.0,4.0,3.0,3.0,3.0,3.0,5.0,4.0,ชอบชา
23-29ปี,พนักงานบริษัทเอกชน,หญิง,กรุงเทพมหานคร,Instagram,ทุกวัน,มากกว่า 6 ชม./วัน,"05.00-8.59น., 9.00-17.59น., 18.00-21.59น., 22.01-4.59น.","05.00-8.59น., 9.00-17.59น., 18.00-21.59น., 22.01-4.59น.",ใช้เท่าเดิม,"โซเชียลมีเดีย เช่น Facebook, Instagram, Twitter, TikTok",แคปซูลกาแฟ,แคปซูลกาแฟ,ไม่ดื่มกาแฟ Ready to drink เลย,ไม่ดื่มกาแฟ Ready to drink เลย,3.0,3.0,3.0,3.0,3.0,3.0,3.0,3.0,3.0,3.0,3.0,3.0,ไม่ดื่มชา,ไม่ดื่มชา,ไม่ดื่มชา,ไม่ดื่มชา,ไม่ลอง,ไม่ซื้อชา ready to drink,0.0,0.0,0.0,0.0,0.0,0.0,0.0,0.0,0.0,0.0,ชอบกาแฟ
30-39ปี,ฟรีแลนซ์/อาชีพอิสระ,หญิง,ปทุมธานี,Instagram,ทุกวัน,1-2 ชม./วัน,"05.00-8.59น., 18.00-21.59น., 22.01-4.59น.","9.00-17.59น., 18.00-21.59น., 22.01-4.59น.",ใช้น้อยกว่าปกติ,"โซเชียลมีเดีย เช่น Facebook, Instagram, Twitter, TikTok",ไม่ดื่มกาแฟประเภทใดเลย,ไม่ดื่มกาแฟ,ไม่ดื่มกาแฟ Ready to Drink เลย,ไม่ดื่มกาแฟ,0.0,0.0,0.0,0.0,0.0,0.0,0.0,0.0,0.0,0.0,0.0,0.0,ไม่ดื่มชาเขียวพร้อมดื่ม (Ready to drink) เลย,ชาแก้วขายตามร้าน เช่น Kamu,ชาแก้วขายตามร้าน เช่น Kamu,ชอบชาแบบใส่นม เลยชอบลองรสชาติของชาแบบแก้วตามร้านค้า,ลองถ้ามีสินค้ามาแจก (Product Sampling),ซื้อจากร้านสะดวกซื้อ เช่น 7-11,4.0,4.0,4.0,3.0,5.0,3.0,4.0,3.0,3.0,3.0,ชอบชา
23-29ปี,ธุรกิจส่วนตัว,ชาย,เชียงใหม่,Instagram,ทุกวัน,มากกว่า 6 ชม./วัน,"9.00-17.59น., 18.00-21.59น.","9.00-17.59น., 18.00-21.59น., 22.01-4.59น.",ใช้เท่าเดิม,"โซเชียลมีเดีย เช่น Facebook, Instagram, Twitter, TikTok",กาแฟสดคั่วบด เช่น ร้านกาแฟสด,กาแฟสดคั่วบด,ไม่ดื่มกาแฟ Ready to drink เลย,ไม่ดื่มกาแฟ Ready to drink เลย,5.0,2.0,2.0,4.0,4.0,1.0,5.0,5.0,5.0,5.0,3.0,3.0,ไม่ดื่มชา,ไม่ดื่มชา,ไม่ดื่มชา,ไม่ดื่มชา,ไม่ลอง,ไม่ซื้อชา ready to drink,0.0,0.0,0.0,0.0,0.0,0.0,0.0,0.0,0.0,0.0,ชอบกาแฟ
23-29ปี,พนักงานบริษัทเอกชน,หญิง,กรุงเทพมหานคร,LINE,ทุกวัน,มากกว่า 6 ชม./วัน,"9.00-17.59น., 18.00-21.59น., 22.01-4.59น.","9.00-17.59น., 18.00-21.59น., 22.01-4.59น.",ใช้มากกว่าปกติ,"โทรทัศน์, สื่อ ณ จุดขาย, โซเชียลมีเดีย เช่น Facebook, Instagram, Twitter, TikTok, เว็บไซต์",แคปซูลกาแฟ,แคปซูลกาแฟ,Arabic,"ดื่มให้ตื่นตัวในตอนเช้า, ดื่มให้ตื่นตัวระหว่างทำงานเวลากลางวัน, ดื่มให้ไม่ง่วงในวันที่ทำงานดึก, ดื่มระหว่างทำงานอดิเรกต่างๆ เช่น ดูซีรีส์, เล่นเกม, ดูบอล",4.0,3.0,5.0,1.0,5.0,5.0,3.0,5.0,5.0,5.0,4.0,5.0,"ดื่มให้ตื่นตัวระหว่างทำงานเวลากลางวัน, ดื่มระหว่างวันเหมือน/แทนน้ำเปล่า, ดื่มระหว่างมื้ออาหาร แทนเครื่องดื่มอื่นๆ เช่น ชานม, ดื่มหลังออกกำลังกาย, ดื่มระหว่างทำงานอดิเรกต่างๆ เช่น ดูซีรีส์, ฟังเพลง, ดูบอล",ชาแก้วขายตามร้าน เช่น Kamu,"ชงเอง เช่น ผงชา, ใบชา, ถุงชา",ชาต้มเสร็จใหม่ๆหอมกว่า ได้กลิ่นชาชัด ทำเองเลือกระดับความเข้มข้นได้,ลองเลย ชอบลองของออกใหม่อยู่แล้ว,"ซื้อจากร้านสะดวกซื้อ เช่น 7-11, ซื้อจากซุปเปอร์มาเก็ต เช่น Tops",5.0,4.0,5.0,5.0,5.0,4.0,4.0,4.0,5.0,4.0,ชอบทั้งกาแฟและชา
30-39ปี,พนักงานบริษัทเอกชน,หญิง,กรุงเทพมหานคร,Facebook,ทุกวัน,มากกว่า 6 ชม./วัน,9.00-17.59น.,9.00-17.59น.,ใช้เท่าเดิม,"โซเชียลมีเดีย เช่น Facebook, Instagram, Twitter, TikTok",กาแฟสดคั่วบด เช่น ร้านกาแฟสด,กาแฟสดคั่วบด,ไม่ดื่มกาแฟ Ready to drink เลย,ไม่ดื่มกาแฟ Ready to drink เลย,4.0,4.0,4.0,1.0,4.0,4.0,4.0,4.0,4.0,4.0,4.0,4.0,"ดื่มให้ตื่นตัวระหว่างทำงานเวลากลางวัน, ดื่มระหว่างวันเหมือน/แทนน้ำเปล่า",ชาแก้วขายตามร้าน เช่น Kamu,ชาแก้วขายตามร้าน เช่น Kamu,สะดวก,ลองเลย ชอบลองของออกใหม่อยู่แล้ว,ซื้อจากร้านสะดวกซื้อ เช่น 7-11,4.0,4.0,4.0,4.0,4.0,4.0,4.0,4.0,4.0,4.0,ชอบทั้งกาแฟและชา
30-39ปี,พนักงานบริษัทเอกชน,หญิง,กรุงเทพมหานคร,Facebook,5-6 ครั้ง/อาทิตย์,5-6 ชม./วัน,"9.00-17.59น., 18.00-21.59น.","9.00-17.59น., 18.00-21.59น.",ใช้น้อยกว่าปกติ,โทรทัศน์,กาแฟสดคั่วบด เช่น ร้านกาแฟสด,กาแฟสดคั่วบด,Newcafe,"ดื่มให้ตื่นตัวในตอนเช้า, ดื่มให้ตื่นตัวระหว่างทำงานเวลากลางวัน",5.0,4.0,5.0,3.0,5.0,3.0,4.0,4.0,5.0,4.0,5.0,5.0,"ดื่มระหว่างวันเหมือน/แทนน้ำเปล่า, ดื่มหลังมื้ออาหารที่เป็นอาหารทอด น้ำมันเยอะๆ, ดื่มระหว่างทำงานอดิเรกต่างๆ เช่น ดูซีรีส์, ฟังเพลง, ดูบอล","ชาขวดพร้อมดื่ม เช่น Tea P+, Orishi","ชาขวดพร้อมดื่ม เช่น Tea P+, Orishi",สะดวก,"ลองเมื่อมีโปรโมชั่น ณ​ จุดขาย, ลองถ้าเห็นคนรีวิวเยอะ",ซื้อจากร้านสะดวกซื้อ เช่น 7-11,4.0,3.0,5.0,5.0,3.0,5.0,5.0,5.0,5.0,5.0,ชอบทั้งกาแฟและชา
30-39ปี,พนักงานบริษัทเอกชน,หญิง,ร้อยเอ็ด,Instagram,ทุกวัน,มากกว่า 6 ชม./วัน,05.00-8.59น.,05.00-8.59น.,ใช้เท่าเดิม,"โซเชียลมีเดีย เช่น Facebook, Instagram, Twitter, TikTok",กาแฟสดคั่วบด เช่น ร้านกาแฟสด,กาแฟสดคั่วบด,ไม่ดื่มกาแฟ Ready to drink เลย,ไม่ดื่มกาแฟ Ready to drink เลย,1.0,1.0,1.0,1.0,1.0,1.0,1.0,1.0,1.0,1.0,1.0,1.0,"ดื่มระหว่างวันเหมือน/แทนน้ำเปล่า, ดื่มระหว่างมื้ออาหาร แทนเครื่องดื่มอื่นๆ เช่น ชานม, ดื่มหลังมื้ออาหารที่เป็นอาหารทอด น้ำมันเยอะๆ, ดื่มระหว่างทำงานอดิเรกต่างๆ เช่น ดูซีรีส์, ฟังเพลง, ดูบอล","ชาขวดพร้อมดื่ม เช่น Tea P+, Orishi",ชาแก้วขายตามร้าน เช่น Kamu,สะดวก,"ลองถ้าเห็นโฆษณาน่าสนใจ, ลองถ้าเห็นคนรีวิวเยอะ",ซื้อจากร้านสะดวกซื้อ เช่น 7-11,3.0,3.0,4.0,4.0,4.0,3.0,3.0,4.0,2.0,2.0,ชอบชา
40-49ปี,พนักงานมหาวิทยาลัย,หญิง,นนทบุรี,LINE,ทุกวัน,1-2 ชม./วัน,18.00-21.59น.,9.00-17.59น.,ใช้มากกว่าปกติ,"โซเชียลมีเดีย เช่น Facebook, Instagram, Twitter, TikTok",กาแฟสดคั่วบด เช่น ร้านกาแฟสด,กาแฟสดคั่วบด,ไม่ดื่มกาแฟ Ready to drink เลย,ไม่ดื่มกาแฟ Ready to drink เลย,2.0,2.0,2.0,2.0,2.0,4.0,1.0,2.0,1.0,1.0,2.0,4.0,ดื่มระหว่างเดินทาง/ขับรถ,ชาแก้วขายตามร้าน เช่น Kamu,ชาแก้วขายตามร้าน เช่น Kamu,หาง่าย รสชาติ ok,ไม่ลอง,ซื้อจากร้านสะดวกซื้อ เช่น 7-11,4.0,4.0,4.0,3.0,3.0,3.0,3.0,4.0,4.0,4.0,ชอบทั้งกาแฟและชา
30-39ปี,ธุรกิจส่วนตัว,ชาย,กรุงเทพมหานคร,LINE,ทุกวัน,มากกว่า 6 ชม./วัน,"9.00-17.59น., 18.00-21.59น., 22.01-4.59น.","9.00-17.59น., 18.00-21.59น., 22.01-4.59น.",ใช้เท่าเดิม,"โทรทัศน์, โซเชียลมีเดีย เช่น Facebook, Instagram, Twitter, TikTok, แพลตฟอร์มวิดีโอ เช่น YouTube, VIU",ไม่ดื่มกาแฟประเภทใดเลย,ไม่ดื่มกาแฟ,ไม่ดื่มกาแฟ Ready to Drink เลย,ไม่ดื่มกาแฟ,0.0,0.0,0.0,0.0,0.0,0.0,0.0,0.0,0.0,0.0,0.0,0.0,"ดื่มระหว่างวันเหมือน/แทนน้ำเปล่า, ดื่มระหว่างมื้ออาหาร แทนเครื่องดื่มอื่นๆ เช่น ชานม",ชาแก้วขายตามร้าน เช่น Kamu,ชาแก้วขายตามร้าน เช่น Kamu,ง่าย สะดวก,ลองเมื่อมีโปรโมชั่น ณ​ จุดขาย,"ซื้อจากร้านสะดวกซื้อ เช่น 7-11, ซื้อจากซุปเปอร์มาเก็ต เช่น Tops",4.0,3.0,3.0,3.0,3.0,3.0,3.0,4.0,3.0,3.0,ชอบชา
30-39ปี,ธุรกิจส่วนตัว,ชาย,กรุงเทพมหานคร,LINE,ทุกวัน,5-6 ชม./วัน,18.00-21.59น.,9.00-17.59น.,ใช้มากกว่าปกติ,"โซเชียลมีเดีย เช่น Facebook, Instagram, Twitter, TikTok, แพลตฟอร์มวิดีโอ เช่น YouTube, VIU, แพลตฟอร์มเพลง เช่น Spotify, Joox",กาแฟสดคั่วบด เช่น ร้านกาแฟสด,กาแฟสดคั่วบด,Best,"ดื่มให้ตื่นตัวในตอนเช้า, ดื่มให้ตื่นตัวระหว่างทำงานเวลากลางวัน",4.0,4.0,4.0,2.0,5.0,4.0,3.0,4.0,4.0,4.0,4.0,4.0,"ดื่มหลังมื้ออาหารที่เป็นอาหารทอด น้ำมันเยอะๆ, ดื่มระหว่างทำงานอดิเรกต่างๆ เช่น ดูซีรีส์, ฟังเพลง, ดูบอล","ชาขวดพร้อมดื่ม เช่น Tea P+, Orishi","ชาขวดพร้อมดื่ม เช่น Tea P+, Orishi",สะดวก อร่อย,ลองเลย ชอบลองของออกใหม่อยู่แล้ว,ซื้อจากร้านสะดวกซื้อ เช่น 7-11,4.0,3.0,5.0,4.0,4.0,3.0,3.0,4.0,4.0,4.0,ชอบทั้งกาแฟและชา
23-29ปี,ธุรกิจส่วนตัว,หญิง,กรุงเทพมหานคร,Facebook,ทุกวัน,มากกว่า 6 ชม./วัน,"9.00-17.59น., 18.00-21.59น.","9.00-17.59น., 18.00-21.59น.",ใช้น้อยกว่าปกติ,"โซเชียลมีเดีย เช่น Facebook, Instagram, Twitter, TikTok",กาแฟสดคั่วบด เช่น ร้านกาแฟสด,กาแฟสดคั่วบด,SCC,"ดื่มทดแทนเมื่อหาร้านกาแฟสดไม่ได้, ดื่มก่อนไปปาร์ตี้กับเพื่อน",3.0,3.0,4.0,1.0,4.0,5.0,3.0,4.0,4.0,4.0,4.0,3.0,"ดื่มให้ตื่นตัวระหว่างทำงานเวลากลางวัน, ดื่มระหว่างวันเหมือน/แทนน้ำเปล่า, ดื่มระหว่างมื้ออาหาร แทนเครื่องดื่มอื่นๆ เช่น ชานม, ดื่มหลังมื้ออาหารที่เป็นอาหารทอด น้ำมันเยอะๆ, ดื่มหลังออกกำลังกาย, ดื่มให้ไม่ง่วงในวันที่ทำงานดึก, ดื่มให้ไม่ง่วงในคืนอ่านหนังสือสอบ",ชาแก้วขายตามร้าน เช่น Kamu,ชาแก้วขายตามร้าน เช่น Kamu,ดื่มเวลาออกข้างนอกกับเพื่อน customize ได้,"ลองเมื่อมีโปรโมชั่น ณ​ จุดขาย, ลองถ้าเห็นโฆษณาน่าสนใจ, ลองถ้าเห็นคนรีวิวเยอะ, ลองถ้ามีสินค้ามาแจก (Product Sampling)","ซื้อจากร้านสะดวกซื้อ เช่น 7-11, ซื้อจากซุปเปอร์มาเก็ต เช่น Tops",4.0,4.0,5.0,4.0,5.0,4.0,2.0,5.0,3.0,4.0,ชอบทั้งกาแฟและชา
23-29ปี,พนักงานบริษัทเอกชน,หญิง,กรุงเทพมหานคร,Twitter,ทุกวัน,มากกว่า 6 ชม./วัน,"9.00-17.59น., 18.00-21.59น.","9.00-17.59น., 18.00-21.59น., 22.01-4.59น.",ใช้เท่าเดิม,"โซเชียลมีเดีย เช่น Facebook, Instagram, Twitter, TikTok",กาแฟสดคั่วบด เช่น ร้านกาแฟสด,กาแฟสดคั่วบด,Arabic,ดื่มทดแทนเมื่อหาร้านกาแฟสดไม่ได้,5.0,5.0,4.0,4.0,5.0,3.0,3.0,3.0,1.0,1.0,1.0,1.0,"ดื่มระหว่างมื้ออาหาร แทนเครื่องดื่มอื่นๆ เช่น ชานม, ดื่มหลังมื้ออาหารที่เป็นอาหารทอด น้ำมันเยอะๆ","ชาขวดพร้อมดื่ม เช่น Tea P+, Orishi","ชงเอง เช่น ผงชา, ใบชา, ถุงชา",ได้กินชาแบบที่ต้องการ จากใบที่เลือกเองจริงๆ,"ลองเมื่อมีโปรโมชั่น ณ​ จุดขาย, ลองถ้าเห็นโฆษณาน่าสนใจ, ลองถ้าเห็นคนรีวิวเยอะ","ซื้อจากร้านสะดวกซื้อ เช่น 7-11, ซื้อจากซุปเปอร์มาเก็ต เช่น Tops",5.0,5.0,5.0,5.0,2.0,2.0,1.0,5.0,1.0,1.0,ชอบทั้งกาแฟและชา
23-29ปี,ธุรกิจส่วนตัว,ชาย,กรุงเทพมหานคร,Facebook,ทุกวัน,มากกว่า 6 ชม./วัน,"9.00-17.59น., 18.00-21.59น.","9.00-17.59น., 18.00-21.59น.",ใช้เท่าเดิม,"โซเชียลมีเดีย เช่น Facebook, Instagram, Twitter, TikTok",แคปซูลกาแฟ,กาแฟสดคั่วบด,Arabic,"ดื่มให้ตื่นตัวระหว่างทำงานเวลากลางวัน, ดื่มทดแทนเมื่อหาร้านกาแฟสดไม่ได้",5.0,5.0,4.0,2.0,4.0,5.0,3.0,5.0,3.0,4.0,4.0,4.0,"ดื่มระหว่างวันเหมือน/แทนน้ำเปล่า, ดื่มระหว่างมื้ออาหาร แทนเครื่องดื่มอื่นๆ เช่น ชานม","ชาขวดพร้อมดื่ม เช่น Tea P+, Orishi",ชาแก้วขายตามร้าน เช่น Kamu,ใบชาชงเองดีๆหายาก,ลองถ้าเห็นโฆษณาน่าสนใจ,"ซื้อจากร้านสะดวกซื้อ เช่น 7-11, ซื้อจากซุปเปอร์มาเก็ต เช่น Tops",5.0,5.0,5.0,5.0,3.0,4.0,2.0,3.0,5.0,3.0,ชอบทั้งกาแฟและชา
30-39ปี,ธุรกิจส่วนตัว,ชาย,กรุงเทพมหานคร,Facebook,ทุกวัน,1-2 ชม./วัน,"9.00-17.59น., 18.00-21.59น.","9.00-17.59น., 18.00-21.59น.",ใช้เท่าเดิม,"โซเชียลมีเดีย เช่น Facebook, Instagram, Twitter, TikTok",กาแฟสดคั่วบด เช่น ร้านกาแฟสด,กาแฟสดคั่วบด,ไม่ดื่มกาแฟ Ready to drink เลย,ไม่ดื่มกาแฟ Ready to drink เลย,5.0,5.0,5.0,1.0,5.0,5.0,1.0,4.0,4.0,4.0,4.0,4.0,ไม่ดื่มชาเขียวพร้อมดื่ม (Ready to drink) เลย,"ชงเอง เช่น ผงชา, ใบชา, ถุงชา","ชงเอง เช่น ผงชา, ใบชา, ถุงชา",ชอบชงเองเพราะถ้าเป็าชาธรรมดา ซื้อข้างนอกจริงๆราคาค่อนข้างแพง ทำเองถูกกว่าเยอะ ถ้าเป็น ready to drink ยิ่งรู้สึกไม่คุ้มราคา นานๆจะซื้อที,"ลองเลย ชอบลองของออกใหม่อยู่แล้ว, ลองเมื่อมีโปรโมชั่น ณ​ จุดขาย, ลองถ้าเห็นโฆษณาน่าสนใจ, ลองถ้าเห็นคนรีวิวเยอะ, ลองถ้ามีสินค้ามาแจก (Product Sampling)",ไม่ซื้อชา ready to drink,5.0,5.0,5.0,2.0,2.0,3.0,4.0,4.0,4.0,4.0,ชอบทั้งกาแฟและชา
23-29ปี,พนักงานบริษัทเอกชน,หญิง,กรุงเทพมหานคร,Facebook,ทุกวัน,มากกว่า 6 ชม./วัน,22.01-4.59น.,22.01-4.59น.,ใช้เท่าเดิม,"โซเชียลมีเดีย เช่น Facebook, Instagram, Twitter, TikTok, แพลตฟอร์มวิดีโอ เช่น YouTube, VIU",ไม่ดื่มกาแฟประเภทใดเลย,ไม่ดื่มกาแฟ,ไม่ดื่มกาแฟ Ready to Drink เลย,ไม่ดื่มกาแฟ,0.0,0.0,0.0,0.0,0.0,0.0,0.0,0.0,0.0,0.0,0.0,0.0,"ดื่มระหว่างมื้ออาหาร แทนเครื่องดื่มอื่นๆ เช่น ชานม, ดื่มระหว่างทำงานอดิเรกต่างๆ เช่น ดูซีรีส์, ฟังเพลง, ดูบอล, ดื่มระหว่างเดินทาง/ขับรถ",ชาแก้วขายตามร้าน เช่น Kamu,ชาแก้วขายตามร้าน เช่น Kamu,อร่อย เลือกความหวานได้ มีหลายรสชาติให้เลือก,"ลองเมื่อมีโปรโมชั่น ณ​ จุดขาย, ลองถ้าเห็นโฆษณาน่าสนใจ","ซื้อจากร้านสะดวกซื้อ เช่น 7-11, ซื้อจากซุปเปอร์มาเก็ต เช่น Tops",4.0,4.0,4.0,3.0,3.0,3.0,3.0,4.0,5.0,4.0,ชอบชา
30-39ปี,ธุรกิจส่วนตัว,หญิง,กรุงเทพมหานคร,LINE,ทุกวัน,3-4 ชม./วัน,"9.00-17.59น., 18.00-21.59น., 22.01-4.59น.","9.00-17.59น., 18.00-21.59น., 22.01-4.59น.",ใช้มากกว่าปกติ,"โซเชียลมีเดีย เช่น Facebook, Instagram, Twitter, TikTok, แพลตฟอร์มวิดีโอ เช่น YouTube, VIU",ไม่ดื่มกาแฟประเภทใดเลย,ไม่ดื่มกาแฟ,ไม่ดื่มกาแฟ Ready to Drink เลย,ไม่ดื่มกาแฟ,0.0,0.0,0.0,0.0,0.0,0.0,0.0,0.0,0.0,0.0,0.0,0.0,ไม่ดื่มชาเขียวพร้อมดื่ม (Ready to drink) เลย,ชาแก้วขายตามร้าน เช่น Kamu,ชาแก้วขายตามร้าน เช่น Kamu,มีรสชาติที่ทำเองไม่ได้ เช่น Milo Raptor,ลองถ้ามีสินค้ามาแจก (Product Sampling),ซื้อจากร้านสะดวกซื้อ เช่น 7-11,5.0,5.0,4.0,3.0,3.0,4.0,4.0,4.0,3.0,4.0,ชอบชา
30-39ปี,พนักงานบริษัทเอกชน,ชาย,กรุงเทพมหานคร,Facebook,ทุกวัน,มากกว่า 6 ชม./วัน,22.01-4.59น.,22.01-4.59น.,ใช้มากกว่าปกติ,"โซเชียลมีเดีย เช่น Facebook, Instagram, Twitter, TikTok",แคปซูลกาแฟ,กาแฟสดคั่วบด,Best,ดื่มทดแทนเมื่อหาร้านกาแฟสดไม่ได้,5.0,3.0,4.0,4.0,4.0,2.0,2.0,4.0,4.0,4.0,3.0,3.0,ไม่ดื่มชา,ไม่ดื่มชา,ไม่ดื่มชา,ไม่ดื่มชา,ไม่ลอง,ไม่ซื้อชา ready to drink,0.0,0.0,0.0,0.0,0.0,0.0,0.0,0.0,0.0,0.0,ชอบกาแฟ
40-49ปี,พนักงานบริษัทเอกชน,หญิง,กรุงเทพมหานคร,Instagram,ทุกวัน,5-6 ชม./วัน,18.00-21.59น.,9.00-17.59น.,ใช้มากกว่าปกติ,"โทรทัศน์, สื่อ ณ จุดขาย, โซเชียลมีเดีย เช่น Facebook, Instagram, Twitter, TikTok",ไม่ดื่มกาแฟประเภทใดเลย,ไม่ดื่มกาแฟ,ไม่ดื่มกาแฟ Ready to Drink เลย,ไม่ดื่มกาแฟ,0.0,0.0,0.0,0.0,0.0,0.0,0.0,0.0,0.0,0.0,0.0,0.0,"ดื่มให้ตื่นตัวในตอนเช้า, ดื่มให้ตื่นตัวระหว่างทำงานเวลากลางวัน, ดื่มหลังมื้ออาหารที่เป็นอาหารทอด น้ำมันเยอะๆ",ชาแก้วขายตามร้าน เช่น Kamu,ชาแก้วขายตามร้าน เช่น Kamu,สะดวก หอม รสชาติดี,ลองถ้าเห็นโฆษณาน่าสนใจ,"ซื้อจากร้านสะดวกซื้อ เช่น 7-11, ซื้อจากซุปเปอร์มาเก็ต เช่น Tops",5.0,4.0,4.0,4.0,3.0,3.0,3.0,4.0,4.0,3.0,ชอบชา
40-49ปี,ฟรีแลนซ์/อาชีพอิสระ,หญิง,กรุงเทพมหานคร,LINE,ทุกวัน,มากกว่า 6 ชม./วัน,"18.00-21.59น., 22.01-4.59น.","9.00-17.59น., 18.00-21.59น., 22.01-4.59น.",ใช้มากกว่าปกติ,"โซเชียลมีเดีย เช่น Facebook, Instagram, Twitter, TikTok",กาแฟผงสำเร็จรูป,กาแฟสดคั่วบด,ไม่ดื่มกาแฟ Ready to drink เลย,ไม่ดื่มกาแฟ Ready to drink เลย,4.0,4.0,4.0,2.0,4.0,4.0,2.0,2.0,2.0,2.0,4.0,4.0,"ดื่มให้ตื่นตัวในตอนเช้า, ดื่มให้ตื่นตัวระหว่างทำงานเวลากลางวัน, ดื่มระหว่างมื้ออาหาร แทนเครื่องดื่มอื่นๆ เช่น ชานม, ดื่มระหว่างทำงานอดิเรกต่างๆ เช่น ดูซีรีส์, ฟังเพลง, ดูบอล, ดื่มให้ไม่ง่วงในวันที่ทำงานดึก","ชาขวดพร้อมดื่ม เช่น Tea P+, Orishi","ชาขวดพร้อมดื่ม เช่น Tea P+, Orishi",สะดวก,"ลองเมื่อมีโปรโมชั่น ณ​ จุดขาย, ลองถ้ามีสินค้ามาแจก (Product Sampling)","ซื้อจากร้านสะดวกซื้อ เช่น 7-11, ซื้อจากซุปเปอร์มาเก็ต เช่น Tops",5.0,5.0,4.0,4.0,3.0,4.0,3.0,5.0,5.0,5.0,ชอบทั้งกาแฟและชา
30-39ปี,พนักงานบริษัทเอกชน,หญิง,กรุงเทพมหานคร,Twitter,ทุกวัน,มากกว่า 6 ชม./วัน,"05.00-8.59น., 9.00-17.59น., 18.00-21.59น., 22.01-4.59น.","9.00-17.59น., 18.00-21.59น., 22.01-4.59น.",ใช้มากกว่าปกติ,"สื่อ ณ จุดขาย, โซเชียลมีเดีย เช่น Facebook, Instagram, Twitter, TikTok",ไม่ดื่มกาแฟประเภทใดเลย,ไม่ดื่มกาแฟ,ไม่ดื่มกาแฟ Ready to Drink เลย,ไม่ดื่มกาแฟ,0.0,0.0,0.0,0.0,0.0,0.0,0.0,0.0,0.0,0.0,0.0,0.0,"ดื่มระหว่างวันเหมือน/แทนน้ำเปล่า, ดื่มระหว่างมื้ออาหาร แทนเครื่องดื่มอื่นๆ เช่น ชานม","ชาขวดพร้อมดื่ม เช่น Tea P+, Orishi",ชาแก้วขายตามร้าน เช่น Kamu,ชอบกินชานม,"ลองเลย ชอบลองของออกใหม่อยู่แล้ว, ลองเมื่อมีโปรโมชั่น ณ​ จุดขาย, ลองถ้าเห็นโฆษณาน่าสนใจ, ลองถ้าเห็นคนรีวิวเยอะ, ลองถ้ามีสินค้ามาแจก (Product Sampling)",ซื้อจากร้านสะดวกซื้อ เช่น 7-11,3.0,3.0,3.0,4.0,4.0,3.0,3.0,4.0,4.0,4.0,ชอบชา
30-39ปี,พนักงานบริษัทเอกชน,หญิง,กรุงเทพมหานคร,Twitter,ทุกวัน,มากกว่า 6 ชม./วัน,18.00-21.59น.,18.00-21.59น.,ใช้เท่าเดิม,"โซเชียลมีเดีย เช่น Facebook, Instagram, Twitter, TikTok",ไม่ดื่มกาแฟประเภทใดเลย,ไม่ดื่มกาแฟ,ไม่ดื่มกาแฟ Ready to Drink เลย,ไม่ดื่มกาแฟ,0.0,0.0,0.0,0.0,0.0,0.0,0.0,0.0,0.0,0.0,0.0,0.0,ดื่มให้ตื่นตัวระหว่างทำงานเวลากลางวัน,ชาแก้วขายตามร้าน เช่น Kamu,"ชาขวดพร้อมดื่ม เช่น Tea P+, Orishi",ร้านชงอร่อยกว่าชงเอง สะดวกด้วย,ลองเลย ชอบลองของออกใหม่อยู่แล้ว,"ซื้อจากร้านสะดวกซื้อ เช่น 7-11, ซื้อจากซุปเปอร์มาเก็ต เช่น Tops",5.0,4.0,4.0,2.0,4.0,5.0,4.0,5.0,3.0,4.0,ชอบชา
23-29ปี,พนักงานบริษัทเอกชน,หญิง,กรุงเทพมหานคร,Instagram,5-6 ครั้ง/อาทิตย์,1-2 ชม./วัน,"05.00-8.59น., 9.00-17.59น., 18.00-21.59น., 22.01-4.59น.","9.00-17.59น., 18.00-21.59น., 22.01-4.59น.",ใช้เท่าเดิม,"โทรทัศน์, สื่อ ณ จุดขาย",ไม่ดื่มกาแฟประเภทใดเลย,ไม่ดื่มกาแฟ,ไม่ดื่มกาแฟ Ready to Drink เลย,ไม่ดื่มกาแฟ,0.0,0.0,0.0,0.0,0.0,0.0,0.0,0.0,0.0,0.0,0.0,0.0,"ดื่มระหว่างมื้ออาหาร แทนเครื่องดื่มอื่นๆ เช่น ชานม, ดื่มระหว่างทำงานอดิเรกต่างๆ เช่น ดูซีรีส์, ฟังเพลง, ดูบอล",ชาแก้วขายตามร้าน เช่น Kamu,ชาแก้วขายตามร้าน เช่น Kamu,รสชาติอร่อย ไม่ยุ่งยากต้องชงเอง,"ลองเมื่อมีโปรโมชั่น ณ​ จุดขาย, ลองถ้าเห็นโฆษณาน่าสนใจ, ลองถ้าเห็นคนรีวิวเยอะ","ซื้อจากร้านสะดวกซื้อ เช่น 7-11, ซื้อจากร้านโชว์ห่วย/ร้านชำ",5.0,4.0,3.0,3.0,5.0,4.0,4.0,5.0,5.0,5.0,ชอบชา
30-39ปี,พนักงานบริษัทเอกชน,หญิง,ลำพูน,Twitter,ทุกวัน,มากกว่า 6 ชม./วัน,"9.00-17.59น., 18.00-21.59น., 22.01-4.59น.","9.00-17.59น., 18.00-21.59น., 22.01-4.59น.",ใช้เท่าเดิม,"โทรทัศน์, โซเชียลมีเดีย เช่น Facebook, Instagram, Twitter, TikTok",ไม่ดื่มกาแฟประเภทใดเลย,ไม่ดื่มกาแฟ,ไม่ดื่มกาแฟ Ready to Drink เลย,ไม่ดื่มกาแฟ,0.0,0.0,0.0,0.0,0.0,0.0,0.0,0.0,0.0,0.0,0.0,0.0,ดื่มให้ตื่นตัวในตอนเช้า,ชาแก้วขายตามร้าน เช่น Kamu,ชาแก้วขายตามร้าน เช่น Kamu,เพราะสดใหม่,"ลองเมื่อมีโปรโมชั่น ณ​ จุดขาย, ลองถ้าเห็นโฆษณาน่าสนใจ, ลองถ้าเห็นคนรีวิวเยอะ, ลองถ้ามีสินค้ามาแจก (Product Sampling)","ซื้อจากร้านสะดวกซื้อ เช่น 7-11, ซื้อจากซุปเปอร์มาเก็ต เช่น Tops, ซื้อจากเพจของแบรนด์นั้นๆ",4.0,3.0,4.0,4.0,5.0,3.0,3.0,4.0,5.0,4.0,ชอบชา
30-39ปี,ธุรกิจส่วนตัว,ชาย,กรุงเทพมหานคร,Facebook,ทุกวัน,3-4 ชม./วัน,"05.00-8.59น., 9.00-17.59น., 18.00-21.59น., 22.01-4.59น.","05.00-8.59น., 9.00-17.59น., 18.00-21.59น., 22.01-4.59น.",ใช้เท่าเดิม,"โซเชียลมีเดีย เช่น Facebook, Instagram, Twitter, TikTok, แพลตฟอร์มวิดีโอ เช่น YouTube, VIU",กาแฟสดคั่วบด เช่น ร้านกาแฟสด,กาแฟสดคั่วบด,ไม่ดื่มกาแฟ Ready to drink เลย,ไม่ดื่มกาแฟ Ready to drink เลย,5.0,5.0,5.0,5.0,5.0,3.0,5.0,5.0,1.0,1.0,5.0,5.0,ดื่มระหว่างมื้ออาหาร แทนเครื่องดื่มอื่นๆ เช่น ชานม,"ชาขวดพร้อมดื่ม เช่น Tea P+, Orishi",ชาแก้วขายตามร้าน เช่น Kamu,สะดวก,ลองถ้าเห็นโฆษณาน่าสนใจ,"ซื้อจากร้านสะดวกซื้อ เช่น 7-11, ซื้อจากซุปเปอร์มาเก็ต เช่น Tops",5.0,5.0,5.0,5.0,5.0,5.0,5.0,5.0,5.0,5.0,ชอบทั้งกาแฟและชา
30-39ปี,พนักงานบริษัทเอกชน,ชาย,กรุงเทพมหานคร,TikTok,ทุกวัน,5-6 ชม./วัน,"18.00-21.59น., 22.01-4.59น.","18.00-21.59น., 22.01-4.59น.",ใช้เท่าเดิม,"โทรทัศน์, รถเมล์/รถไฟฟ้า, สื่อ ณ จุดขาย",ไม่ดื่มกาแฟประเภทใดเลย,ไม่ดื่มกาแฟ,ไม่ดื่มกาแฟ Ready to Drink เลย,ไม่ดื่มกาแฟ,0.0,0.0,0.0,0.0,0.0,0.0,0.0,0.0,0.0,0.0,0.0,0.0,"ดื่มให้ตื่นตัวในตอนเช้า, ดื่มให้ตื่นตัวระหว่างทำงานเวลากลางวัน, ดื่มระหว่างทำงานอดิเรกต่างๆ เช่น ดูซีรีส์, ฟังเพลง, ดูบอล, ดื่มระหว่างเดินทาง/ขับรถ","ชาขวดพร้อมดื่ม เช่น Tea P+, Orishi","ชาขวดพร้อมดื่ม เช่น Tea P+, Orishi",หาซื้อง่าย สะดวกกับการดื่มที่ทำงาน,ลองเมื่อมีโปรโมชั่น ณ​ จุดขาย,"ซื้อจากร้านสะดวกซื้อ เช่น 7-11, Makro",3.0,4.0,5.0,3.0,3.0,4.0,3.0,5.0,3.0,5.0,ชอบชา
23-29ปี,พนักงานรัฐวิสาหกิจ,หญิง,ปทุมธานี,Twitter,ทุกวัน,3-4 ชม./วัน,18.00-21.59น.,18.00-21.59น.,ใช้น้อยกว่าปกติ,"สื่อ ณ จุดขาย, โซเชียลมีเดีย เช่น Facebook, Instagram, Twitter, TikTok",ไม่ดื่มกาแฟประเภทใดเลย,ไม่ดื่มกาแฟ,ไม่ดื่มกาแฟ Ready to Drink เลย,ไม่ดื่มกาแฟ,0.0,0.0,0.0,0.0,0.0,0.0,0.0,0.0,0.0,0.0,0.0,0.0,"ดื่มระหว่างทำงานอดิเรกต่างๆ เช่น ดูซีรีส์, ฟังเพลง, ดูบอล",ชาแก้วขายตามร้าน เช่น Kamu,ชาแก้วขายตามร้าน เช่น Kamu,ชอบดื่มชาแก้วเพราะอร่อย สะดวก ไม่ต้องทำเองและราคายอมรับได้,"ลองเมื่อมีโปรโมชั่น ณ​ จุดขาย, ลองถ้าเห็นโฆษณาน่าสนใจ, ลองถ้ามีสินค้ามาแจก (Product Sampling)","ซื้อจากร้านสะดวกซื้อ เช่น 7-11, ซื้อจากร้านโชว์ห่วย/ร้านชำ",1.0,5.0,1.0,1.0,1.0,1.0,1.0,5.0,5.0,5.0,ชอบชา
23-29ปี,พนักงานบริษัทเอกชน,หญิง,กรุงเทพมหานคร,Instagram,ทุกวัน,มากกว่า 6 ชม./วัน,"9.00-17.59น., 18.00-21.59น., 22.01-4.59น.","05.00-8.59น., 9.00-17.59น., 18.00-21.59น., 22.01-4.59น.",ใช้เท่าเดิม,"โซเชียลมีเดีย เช่น Facebook, Instagram, Twitter, TikTok",ไม่ดื่มกาแฟประเภทใดเลย,ไม่ดื่มกาแฟ,ไม่ดื่มกาแฟ Ready to Drink เลย,ไม่ดื่มกาแฟ,0.0,0.0,0.0,0.0,0.0,0.0,0.0,0.0,0.0,0.0,0.0,0.0,ดื่มระหว่างวันเหมือน/แทนน้ำเปล่า,"ชงเอง เช่น ผงชา, ใบชา, ถุงชา","ชงเอง เช่น ผงชา, ใบชา, ถุงชา",ชงเองสามารถเลือกกลิ่น ปริมาณใบชา และความเข้มข้นของชาเองได้ ชงเองแล้วหอมกว่า,"ลองถ้าเห็นคนรีวิวเยอะ, ลองถ้ามีสินค้ามาแจก (Product Sampling)","ซื้อจากร้านสะดวกซื้อ เช่น 7-11, ซื้อจากซุปเปอร์มาเก็ต เช่น Tops",5.0,5.0,5.0,3.0,4.0,3.0,3.0,4.0,3.0,4.0,ชอบชา
50ปี ขึ้นไป,พนักงานบริษัทเอกชน,หญิง,กรุงเทพมหานคร,TikTok,ทุกวัน,3-4 ชม./วัน,18.00-21.59น.,9.00-17.59น.,ใช้เท่าเดิม,โทรทัศน์,แคปซูลกาแฟ,แคปซูลกาแฟ,ไม่ดื่มกาแฟ Ready to drink เลย,ไม่ดื่มกาแฟ Ready to drink เลย,4.0,4.0,4.0,3.0,4.0,4.0,3.0,4.0,3.0,4.0,4.0,4.0,ไม่ดื่มชา,ไม่ดื่มชา,ไม่ดื่มชา,ไม่ดื่มชา,ไม่ลอง,ไม่ซื้อชา ready to drink,0.0,0.0,0.0,0.0,0.0,0.0,0.0,0.0,0.0,0.0,ชอบกาแฟ
40-49ปี,พนักงานบริษัทเอกชน,ไม่ระบุ,กรุงเทพมหานคร,Instagram,ทุกวัน,5-6 ชม./วัน,9.00-17.59น.,9.00-17.59น.,ใช้เท่าเดิม,"โทรทัศน์, บิลบอร์ด/ป้ายโฆษณา, โซเชียลมีเดีย เช่น Facebook, Instagram, Twitter, TikTok, แพลตฟอร์มวิดีโอ เช่น YouTube, VIU",กาแฟสดคั่วบด เช่น ร้านกาแฟสด,กาแฟสดคั่วบด,ไม่ดื่มกาแฟ Ready to drink เลย,ไม่ดื่มกาแฟ Ready to drink เลย,5.0,4.0,5.0,4.0,5.0,4.0,5.0,5.0,5.0,5.0,5.0,5.0,ไม่ดื่มชา,ไม่ดื่มชา,ไม่ดื่มชา,ไม่ดื่มชา,ไม่ลอง,ไม่ซื้อชา ready to drink,0.0,0.0,0.0,0.0,0.0,0.0,0.0,0.0,0.0,0.0,ชอบกาแฟ
30-39ปี,พนักงานบริษัทเอกชน,ชาย,กรุงเทพมหานคร,Facebook,ทุกวัน,มากกว่า 6 ชม./วัน,"05.00-8.59น., 9.00-17.59น., 18.00-21.59น., 22.01-4.59น.","05.00-8.59น., 9.00-17.59น., 18.00-21.59น., 22.01-4.59น.",ใช้เท่าเดิม,"บิลบอร์ด/ป้ายโฆษณา, โซเชียลมีเดีย เช่น Facebook, Instagram, Twitter, TikTok",ไม่ดื่มกาแฟประเภทใดเลย,ไม่ดื่มกาแฟ,ไม่ดื่มกาแฟ Ready to Drink เลย,ไม่ดื่มกาแฟ,0.0,0.0,0.0,0.0,0.0,0.0,0.0,0.0,0.0,0.0,0.0,0.0,"ดื่มระหว่างวันเหมือน/แทนน้ำเปล่า, ดื่มระหว่างมื้ออาหาร แทนเครื่องดื่มอื่นๆ เช่น ชานม",ชาแก้วขายตามร้าน เช่น Kamu,ชาแก้วขายตามร้าน เช่น Kamu,รสชาติสดใหม่,ลองเลย ชอบลองของออกใหม่อยู่แล้ว,ซื้อจากร้านสะดวกซื้อ เช่น 7-11,5.0,4.0,4.0,3.0,3.0,3.0,3.0,5.0,3.0,3.0,ชอบชา
30-39ปี,พนักงานบริษัทเอกชน,หญิง,สมุทรปราการ,Instagram,ทุกวัน,3-4 ชม./วัน,18.00-21.59น.,18.00-21.59น.,ใช้มากกว่าปกติ,"โทรทัศน์, โซเชียลมีเดีย เช่น Facebook, Instagram, Twitter, TikTok",กาแฟสดคั่วบด เช่น ร้านกาแฟสด,กาแฟสดคั่วบด,High Coffee,"ดื่มให้ตื่นตัวในตอนเช้า, ดื่มทดแทนเมื่อหาร้านกาแฟสดไม่ได้",4.0,3.0,4.0,4.0,4.0,3.0,2.0,4.0,2.0,1.0,3.0,3.0,"ดื่มระหว่างมื้ออาหาร แทนเครื่องดื่มอื่นๆ เช่น ชานม, ดื่มหลังมื้ออาหารที่เป็นอาหารทอด น้ำมันเยอะๆ","ชาขวดพร้อมดื่ม เช่น Tea P+, Orishi","ชาขวดพร้อมดื่ม เช่น Tea P+, Orishi",ชาขวดพร้อมดื่ม เพราะหาดื่มง่าย,ลองเมื่อมีโปรโมชั่น ณ​ จุดขาย,"ซื้อจากร้านสะดวกซื้อ เช่น 7-11, ซื้อจากซุปเปอร์มาเก็ต เช่น Tops",3.0,3.0,4.0,4.0,4.0,3.0,2.0,4.0,4.0,4.0,ชอบทั้งกาแฟและชา
40-49ปี,พนักงานบริษัทเอกชน,หญิง,กรุงเทพมหานคร,LINE,ทุกวัน,3-4 ชม./วัน,"9.00-17.59น., 18.00-21.59น.",9.00-17.59น.,ใช้น้อยกว่าปกติ,"โซเชียลมีเดีย เช่น Facebook, Instagram, Twitter, TikTok, แอปพลิเคชั่นแชท/ส่งเมสเสจ เช่น LINE, Facebook Messenger, แพลตฟอร์มวิดีโอ เช่น YouTube, VIU",กาแฟผงสำเร็จรูป,กาแฟสดคั่วบด,Arabic,ดื่มระหว่างเดินทาง/ขับรถ,3.0,3.0,3.0,3.0,3.0,4.0,4.0,4.0,4.0,3.0,4.0,3.0,ดื่มเมื่ออยาก,ชาแก้วขายตามร้าน เช่น Kamu,ชาแก้วขายตามร้าน เช่น Kamu,อร่อย,ลองถ้ามีสินค้ามาแจก (Product Sampling),"ซื้อจากร้านสะดวกซื้อ เช่น 7-11, ซื้อจากซุปเปอร์มาเก็ต เช่น Tops, ซื้อจากช่องทางออนไลน์​ เช่น Shopee, ซื้อจากเพจของแบรนด์นั้นๆ",5.0,4.0,5.0,4.0,4.0,3.0,2.0,1.0,3.0,4.0,ชอบทั้งกาแฟและชา
30-39ปี,พนักงานบริษัทเอกชน,หญิง,กรุงเทพมหานคร,TikTok,ทุกวัน,3-4 ชม./วัน,18.00-21.59น.,"9.00-17.59น., 18.00-21.59น., 22.01-4.59น.",ใช้เท่าเดิม,"สื่อ ณ จุดขาย, โซเชียลมีเดีย เช่น Facebook, Instagram, Twitter, TikTok",กาแฟสดคั่วบด เช่น ร้านกาแฟสด,กาแฟสดคั่วบด,ไม่ดื่มกาแฟ Ready to drink เลย,ไม่ดื่มกาแฟ Ready to drink เลย,4.0,4.0,4.0,4.0,4.0,2.0,4.0,4.0,1.0,5.0,1.0,1.0,"ดื่มให้ตื่นตัวระหว่างทำงานเวลากลางวัน, ดื่มระหว่างมื้ออาหาร แทนเครื่องดื่มอื่นๆ เช่น ชานม","ชาขวดพร้อมดื่ม เช่น Tea P+, Orishi","ชาขวดพร้อมดื่ม เช่น Tea P+, Orishi",อร่อย มีสูตรไม่ใส่น้ำตาล สะดวก ไม่ต้องชงเอง รสชาติใกล้เคียง,ลองถ้ามีสินค้ามาแจก (Product Sampling),ซื้อจากร้านสะดวกซื้อ เช่น 7-11,5.0,5.0,5.0,5.0,5.0,2.0,1.0,4.0,1.0,1.0,ชอบทั้งกาแฟและชา
40-49ปี,พนักงานบริษัทเอกชน,ชาย,กรุงเทพมหานคร,TikTok,ทุกวัน,3-4 ชม./วัน,"05.00-8.59น., 9.00-17.59น., 18.00-21.59น., 22.01-4.59น.","05.00-8.59น., 9.00-17.59น., 18.00-21.59น., 22.01-4.59น.",ใช้เท่าเดิม,"โซเชียลมีเดีย เช่น Facebook, Instagram, Twitter, TikTok",กาแฟสดคั่วบด เช่น ร้านกาแฟสด,กาแฟสดคั่วบด,ไม่มี,"ดื่มให้ตื่นตัวในตอนเช้า, ดื่มให้ตื่นตัวระหว่างทำงานเวลากลางวัน, ดื่มระหว่างเดินทาง/ขับรถ",1.0,1.0,1.0,1.0,1.0,1.0,1.0,1.0,1.0,1.0,1.0,1.0,ดื่มระหว่างมื้ออาหาร แทนเครื่องดื่มอื่นๆ เช่น ชานม,ชาแก้วขายตามร้าน เช่น Kamu,ชาแก้วขายตามร้าน เช่น Kamu,"สุขภาพ, รสชาติ",ลองถ้าเห็นคนรีวิวเยอะ,ซื้อจากร้านสะดวกซื้อ เช่น 7-11,4.0,4.0,5.0,5.0,3.0,4.0,3.0,4.0,4.0,4.0,ชอบชา
23-29ปี,พนักงานบริษัทเอกชน,หญิง,กรุงเทพมหานคร,Facebook,ทุกวัน,มากกว่า 6 ชม./วัน,"9.00-17.59น., 18.00-21.59น., 22.01-4.59น.","9.00-17.59น., 18.00-21.59น., 22.01-4.59น.",ใช้เท่าเดิม,"สื่อ ณ จุดขาย, โซเชียลมีเดีย เช่น Facebook, Instagram, Twitter, TikTok, แพลตฟอร์มวิดีโอ เช่น YouTube, VIU",กาแฟสดคั่วบด เช่น ร้านกาแฟสด,กาแฟสดคั่วบด,Arabic,ดื่มทดแทนเมื่อหาร้านกาแฟสดไม่ได้,5.0,4.0,4.0,3.0,3.0,3.0,1.0,3.0,2.0,3.0,3.0,4.0,"ดื่มระหว่างวันเหมือน/แทนน้ำเปล่า, ดื่มระหว่างมื้ออาหาร แทนเครื่องดื่มอื่นๆ เช่น ชานม, ดื่มระหว่างทำงานอดิเรกต่างๆ เช่น ดูซีรีส์, ฟังเพลง, ดูบอล","ชงเอง เช่น ผงชา, ใบชา, ถุงชา","ชงเอง เช่น ผงชา, ใบชา, ถุงชา",สะดวก กำหนดรสชาติเองได้,ลองเมื่อมีโปรโมชั่น ณ​ จุดขาย,"ซื้อจากร้านสะดวกซื้อ เช่น 7-11, ซื้อจากซุปเปอร์มาเก็ต เช่น Tops",2.0,1.0,4.0,1.0,5.0,3.0,1.0,5.0,5.0,3.0,ชอบทั้งกาแฟและชา
50ปี ขึ้นไป,พนักงานบริษัทเอกชน,หญิง,กรุงเทพมหานคร,Facebook,ทุกวัน,3-4 ชม./วัน,18.00-21.59น.,9.00-17.59น.,ใช้มากกว่าปกติ,"โทรทัศน์, โซเชียลมีเดีย เช่น Facebook, Instagram, Twitter, TikTok",กาแฟผงสำเร็จรูปพร้อมดื่ม (3-in-1),แคปซูลกาแฟ,ไม่ดื่มกาแฟ Ready to drink เลย,ไม่ดื่มกาแฟ Ready to drink เลย,1.0,1.0,1.0,1.0,1.0,1.0,1.0,1.0,1.0,1.0,1.0,1.0,"ดื่มระหว่างวันเหมือน/แทนน้ำเปล่า, ดื่มหลังมื้ออาหารที่เป็นอาหารทอด น้ำมันเยอะๆ","ชงเอง เช่น ผงชา, ใบชา, ถุงชา","ชงเอง เช่น ผงชา, ใบชา, ถุงชา",ชอบรสชาด ธรรมชาติ,"ลองเลย ชอบลองของออกใหม่อยู่แล้ว, ลองถ้ามีสินค้ามาแจก (Product Sampling)","ซื้อจากร้านสะดวกซื้อ เช่น 7-11, ซื้อจากซุปเปอร์มาเก็ต เช่น Tops",5.0,2.0,4.0,3.0,1.0,3.0,2.0,3.0,1.0,2.0,ชอบชา
40-49ปี,พนักงานบริษัทเอกชน,หญิง,กรุงเทพมหานคร,LINE,ทุกวัน,1-2 ชม./วัน,"9.00-17.59น., 18.00-21.59น.","9.00-17.59น., 18.00-21.59น.",ใช้เท่าเดิม,"โทรทัศน์, วิทยุ, สื่อ ณ จุดขาย, โซเชียลมีเดีย เช่น Facebook, Instagram, Twitter, TikTok, แพลตฟอร์มวิดีโอ เช่น YouTube, VIU",ไม่ดื่มกาแฟประเภทใดเลย,ไม่ดื่มกาแฟ,ไม่ดื่มกาแฟ Ready to Drink เลย,ไม่ดื่มกาแฟ,0.0,0.0,0.0,0.0,0.0,0.0,0.0,0.0,0.0,0.0,0.0,0.0,"ดื่มระหว่างมื้ออาหาร แทนเครื่องดื่มอื่นๆ เช่น ชานม, ดื่มระหว่างทำงานอดิเรกต่างๆ เช่น ดูซีรีส์, ฟังเพลง, ดูบอล, ดื่มระหว่างเดินทาง/ขับรถ","ชงเอง เช่น ผงชา, ใบชา, ถุงชา",ชาแก้วขายตามร้าน เช่น Kamu,อร่อย สดชื่น,"ลองถ้าเห็นโฆษณาน่าสนใจ, ลองถ้ามีสินค้ามาแจก (Product Sampling)","ซื้อจากร้านสะดวกซื้อ เช่น 7-11, ซื้อจากซุปเปอร์มาเก็ต เช่น Tops",4.0,4.0,5.0,4.0,4.0,3.0,3.0,4.0,4.0,3.0,ชอบชา
23-29ปี,พนักงานบริษัทเอกชน,หญิง,นนทบุรี,Twitter,ทุกวัน,มากกว่า 6 ชม./วัน,"9.00-17.59น., 18.00-21.59น., 22.01-4.59น.","9.00-17.59น., 18.00-21.59น., 22.01-4.59น.",ใช้มากกว่าปกติ,"โทรทัศน์, โซเชียลมีเดีย เช่น Facebook, Instagram, Twitter, TikTok",กาแฟสดคั่วบด เช่น ร้านกาแฟสด,กาแฟสดคั่วบด,ไม่ดื่มกาแฟ Ready to drink เลย,ไม่ดื่มกาแฟ Ready to drink เลย,5.0,4.0,5.0,1.0,5.0,3.0,3.0,4.0,4.0,3.0,4.0,4.0,ไม่ดื่มชาเขียวพร้อมดื่ม (Ready to drink) เลย,ชาแก้วขายตามร้าน เช่น Kamu,ชาแก้วขายตามร้าน เช่น Kamu,สะดวก รสชาติอร่อย,"ลองเมื่อมีโปรโมชั่น ณ​ จุดขาย, ลองถ้าเห็นคนรีวิวเยอะ, ลองถ้ามีสินค้ามาแจก (Product Sampling)","ซื้อจากร้านสะดวกซื้อ เช่น 7-11, ซื้อจากซุปเปอร์มาเก็ต เช่น Tops, ซื้อจากร้านโชว์ห่วย/ร้านชำ",4.0,4.0,4.0,5.0,4.0,3.0,3.0,4.0,4.0,4.0,ชอบทั้งกาแฟและชา
30-39ปี,พนักงานบริษัทเอกชน,หญิง,สงขลา,TikTok,ทุกวัน,5-6 ชม./วัน,"05.00-8.59น., 18.00-21.59น., 22.01-4.59น.","9.00-17.59น., 18.00-21.59น., 22.01-4.59น.",ใช้น้อยกว่าปกติ,"สื่อ ณ จุดขาย, โซเชียลมีเดีย เช่น Facebook, Instagram, Twitter, TikTok, แพลตฟอร์มวิดีโอ เช่น YouTube, VIU",กาแฟสดคั่วบด เช่น ร้านกาแฟสด,กาแฟสดคั่วบด,Arabic,"ดื่มให้ตื่นตัวในตอนเช้า, ดื่มให้ไม่ง่วงในวันที่ทำงานดึก, ดื่มทดแทนเมื่อหาร้านกาแฟสดไม่ได้",5.0,5.0,5.0,3.0,5.0,5.0,3.0,5.0,4.0,4.0,4.0,5.0,"ดื่มให้ตื่นตัวระหว่างทำงานเวลากลางวัน, ดื่มให้ไม่ง่วงในวันที่ทำงานดึก","ชงเอง เช่น ผงชา, ใบชา, ถุงชา","ชงเอง เช่น ผงชา, ใบชา, ถุงชา",ไม่อ้วน ดื่มในที่ทำงาน ผ่อนคลาย โล่งจมูก,"ลองเมื่อมีโปรโมชั่น ณ​ จุดขาย, ลองถ้ามีสินค้ามาแจก (Product Sampling)","ซื้อจากร้านสะดวกซื้อ เช่น 7-11, ซื้อจากซุปเปอร์มาเก็ต เช่น Tops, ซื้อจากร้านโชว์ห่วย/ร้านชำ",5.0,4.0,5.0,5.0,2.0,3.0,1.0,2.0,3.0,4.0,ชอบทั้งกาแฟและชา
50ปี ขึ้นไป,พนักงานบริษัทเอกชน,หญิง,สงขลา,Facebook,5-6 ครั้ง/อาทิตย์,มากกว่า 6 ชม./วัน,05.00-8.59น.,05.00-8.59น.,ใช้เท่าเดิม,"แอปพลิเคชั่นแชท/ส่งเมสเสจ เช่น LINE, Facebook Messenger",กาแฟผงสำเร็จรูป,กาแฟผงสำเร็จรูป,ไม่ดื่มกาแฟ Ready to drink เลย,ดื่มให้ตื่นตัวในตอนเช้า,3.0,3.0,4.0,3.0,3.0,5.0,4.0,4.0,4.0,4.0,3.0,3.0,ดื่มหลังออกกำลังกาย,"ชงเอง เช่น ผงชา, ใบชา, ถุงชา","ชงเอง เช่น ผงชา, ใบชา, ถุงชา",อร่อย,ลองเลย ชอบลองของออกใหม่อยู่แล้ว,ซื้อจากช่องทางออนไลน์​ เช่น Shopee,5.0,5.0,5.0,5.0,5.0,4.0,4.0,5.0,4.0,3.0,ชอบทั้งกาแฟและชา
50ปี ขึ้นไป,พนักงานบริษัทเอกชน,ชาย,กรุงเทพมหานคร,LINE,ทุกวัน,มากกว่า 6 ชม./วัน,"05.00-8.59น., 9.00-17.59น., 18.00-21.59น., 22.01-4.59น.","05.00-8.59น., 9.00-17.59น., 18.00-21.59น., 22.01-4.59น.",ใช้มากกว่าปกติ,"โซเชียลมีเดีย เช่น Facebook, Instagram, Twitter, TikTok, แพลตฟอร์มวิดีโอ เช่น YouTube, VIU",กาแฟพร้อมดื่ม (Ready to drink),กาแฟสดคั่วบด,Newcafe,ดื่มระหว่างเดินทาง/ขับรถ,5.0,5.0,5.0,3.0,5.0,5.0,5.0,5.0,5.0,5.0,5.0,5.0,ดื่มระหว่างเดินทาง/ขับรถ,ชาแก้วขายตามร้าน เช่น Kamu,ชาแก้วขายตามร้าน เช่น Kamu,คุณภาพ รสชาติและราคา,ลองเลย ชอบลองของออกใหม่อยู่แล้ว,"ซื้อจากร้านสะดวกซื้อ เช่น 7-11, ซื้อจากซุปเปอร์มาเก็ต เช่น Tops, ซื้อจากร้านโชว์ห่วย/ร้านชำ",4.0,5.0,3.0,2.0,3.0,4.0,4.0,4.0,4.0,5.0,ชอบทั้งกาแฟและชา
30-39ปี,พนักงานบริษัทเอกชน,หญิง,นครราชสีมา,LINE,ทุกวัน,5-6 ชม./วัน,"05.00-8.59น., 9.00-17.59น., 18.00-21.59น., 22.01-4.59น.","05.00-8.59น., 9.00-17.59น., 18.00-21.59น., 22.01-4.59น.",ใช้มากกว่าปกติ,Promotion via online shopping app e.g. shopee lazada,กาแฟสดคั่วบด เช่น ร้านกาแฟสด,กาแฟสดคั่วบด,Best,ดื่มระหว่างเดินทาง/ขับรถ,3.0,5.0,4.0,3.0,5.0,4.0,2.0,5.0,2.0,4.0,4.0,5.0,"ดื่มให้ตื่นตัวระหว่างทำงานเวลากลางวัน, ดื่มหลังมื้ออาหารที่เป็นอาหารทอด น้ำมันเยอะๆ","ชงเอง เช่น ผงชา, ใบชา, ถุงชา","ชงเอง เช่น ผงชา, ใบชา, ถุงชา",สะดวก เก็บได้นาน,ลองถ้ามีสินค้ามาแจก (Product Sampling),"ซื้อจากร้านสะดวกซื้อ เช่น 7-11, ซื้อจากซุปเปอร์มาเก็ต เช่น Tops",5.0,3.0,5.0,2.0,4.0,3.0,4.0,5.0,5.0,5.0,ชอบทั้งกาแฟและชา
30-39ปี,พนักงานบริษัทเอกชน,หญิง,กรุงเทพมหานคร,LINE,ทุกวัน,มากกว่า 6 ชม./วัน,9.00-17.59น.,9.00-17.59น.,ใช้มากกว่าปกติ,"โทรทัศน์, หนังสือพิมพ์/นิตยสาร, โซเชียลมีเดีย เช่น Facebook, Instagram, Twitter, TikTok, แพลตฟอร์มวิดีโอ เช่น YouTube, VIU",กาแฟสดคั่วบด เช่น ร้านกาแฟสด,กาแฟสดคั่วบด,Kokiko,ดื่มระหว่างเดินทาง/ขับรถ,3.0,4.0,4.0,3.0,4.0,4.0,4.0,5.0,5.0,5.0,5.0,5.0,ดื่มให้ตื่นตัวระหว่างทำงานเวลากลางวัน,"ชาขวดพร้อมดื่ม เช่น Tea P+, Orishi","ชาขวดพร้อมดื่ม เช่น Tea P+, Orishi",สะดวกในการพกพาและรสชาติอร่อย,ลองเลย ชอบลองของออกใหม่อยู่แล้ว,"ซื้อจากร้านสะดวกซื้อ เช่น 7-11, ซื้อจากซุปเปอร์มาเก็ต เช่น Tops",4.0,4.0,4.0,4.0,5.0,5.0,5.0,5.0,5.0,5.0,ชอบทั้งกาแฟและชา
40-49ปี,พนักงานบริษัทเอกชน,หญิง,นนทบุรี,Facebook,ทุกวัน,มากกว่า 6 ชม./วัน,9.00-17.59น.,9.00-17.59น.,ใช้มากกว่าปกติ,สื่อ ณ จุดขาย,กาแฟสดคั่วบด เช่น ร้านกาแฟสด,กาแฟสดคั่วบด,ไม่ดื่มกาแฟ Ready to drink เลย,ไม่ดื่มกาแฟ Ready to drink เลย,5.0,5.0,3.0,1.0,5.0,5.0,3.0,3.0,3.0,3.0,3.0,3.0,"ดื่มให้ตื่นตัวในตอนเช้า, ดื่มให้ตื่นตัวระหว่างทำงานเวลากลางวัน, ดื่มระหว่างวันเหมือน/แทนน้ำเปล่า, ดื่มระหว่างทำงานอดิเรกต่างๆ เช่น ดูซีรีส์, ฟังเพลง, ดูบอล, ดื่มระหว่างเดินทาง/ขับรถ","ชาขวดพร้อมดื่ม เช่น Tea P+, Orishi","ชาขวดพร้อมดื่ม เช่น Tea P+, Orishi",รสชาติดี สะดวก,ลองเลย ชอบลองของออกใหม่อยู่แล้ว,"ซื้อจากร้านสะดวกซื้อ เช่น 7-11, ซื้อจากซุปเปอร์มาเก็ต เช่น Tops, ซื้อจากร้านโชว์ห่วย/ร้านชำ",5.0,5.0,4.0,5.0,4.0,4.0,4.0,4.0,3.0,3.0,ชอบทั้งกาแฟและชา
23-29ปี,พนักงานบริษัทเอกชน,หญิง,กรุงเทพมหานคร,Twitter,ทุกวัน,5-6 ชม./วัน,"9.00-17.59น., 22.01-4.59น.","9.00-17.59น., 18.00-21.59น., 22.01-4.59น.",ใช้มากกว่าปกติ,"โซเชียลมีเดีย เช่น Facebook, Instagram, Twitter, TikTok",กาแฟสดคั่วบด เช่น ร้านกาแฟสด,กาแฟสดคั่วบด,Arabic,"ดื่มให้ตื่นตัวในตอนเช้า, ดื่มระหว่างเดินทาง/ขับรถ, ดื่มทดแทนเมื่อหาร้านกาแฟสดไม่ได้",3.0,3.0,5.0,1.0,5.0,4.0,1.0,5.0,3.0,3.0,3.0,4.0,"ดื่มให้ตื่นตัวระหว่างทำงานเวลากลางวัน, ดื่มระหว่างมื้ออาหาร แทนเครื่องดื่มอื่นๆ เช่น ชานม, ดื่มระหว่างทำงานอดิเรกต่างๆ เช่น ดูซีรีส์, ฟังเพลง, ดูบอล, ดื่มระหว่างเดินทาง/ขับรถ",ชาแก้วขายตามร้าน เช่น Kamu,ชาแก้วขายตามร้าน เช่น Kamu,ชอบชาแก้ว เพราะว่ารู้สึกมันชงสดๆ สามารถเลือกความหวานความเข้มข้นได้ มีหลากหลาย,"ลองเลย ชอบลองของออกใหม่อยู่แล้ว, ลองถ้าเห็นโฆษณาน่าสนใจ, ลองถ้าเห็นคนรีวิวเยอะ, ลองถ้ามีสินค้ามาแจก (Product Sampling)","ซื้อจากร้านสะดวกซื้อ เช่น 7-11, ซื้อจากซุปเปอร์มาเก็ต เช่น Tops, ซื้อจากร้านโชว์ห่วย/ร้านชำ",4.0,3.0,3.0,3.0,3.0,3.0,3.0,5.0,4.0,4.0,ชอบทั้งกาแฟและชา
30-39ปี,พนักงานบริษัทเอกชน,หญิง,ปทุมธานี,Twitter,ทุกวัน,5-6 ชม./วัน,"9.00-17.59น., 18.00-21.59น., 22.01-4.59น.","9.00-17.59น., 18.00-21.59น., 22.01-4.59น.",ใช้เท่าเดิม,"บิลบอร์ด/ป้ายโฆษณา, สื่อ ณ จุดขาย, โซเชียลมีเดีย เช่น Facebook, Instagram, Twitter, TikTok",กาแฟสดคั่วบด เช่น ร้านกาแฟสด,กาแฟสดคั่วบด,Best,ดื่มทดแทนเมื่อหาร้านกาแฟสดไม่ได้,5.0,4.0,3.0,4.0,4.0,4.0,4.0,4.0,4.0,3.0,4.0,3.0,ไม่ดื่มชาเขียวพร้อมดื่ม (Ready to drink) เลย,ชาแก้วขายตามร้าน เช่น Kamu,ชาแก้วขายตามร้าน เช่น Kamu,สะดวก อร่อย,ลองถ้ามีสินค้ามาแจก (Product Sampling),"ซื้อจากร้านสะดวกซื้อ เช่น 7-11, ซื้อจากซุปเปอร์มาเก็ต เช่น Tops",3.0,4.0,5.0,5.0,3.0,3.0,3.0,4.0,3.0,3.0,ชอบทั้งกาแฟและชา
30-39ปี,พนักงานบริษัทเอกชน,หญิง,กรุงเทพมหานคร,TikTok,ทุกวัน,5-6 ชม./วัน,9.00-17.59น.,9.00-17.59น.,ใช้น้อยกว่าปกติ,"โซเชียลมีเดีย เช่น Facebook, Instagram, Twitter, TikTok, เว็บไซต์",กาแฟสดคั่วบด เช่น ร้านกาแฟสด,กาแฟสดคั่วบด,ไม่ดื่มกาแฟ Ready to drink เลย,ไม่ดื่มกาแฟ Ready to drink เลย,1.0,1.0,1.0,1.0,1.0,1.0,1.0,1.0,1.0,1.0,1.0,1.0,ดื่มระหว่างเดินทาง/ขับรถ,ชาแก้วขายตามร้าน เช่น Kamu,ชาแก้วขายตามร้าน เช่น Kamu,สะดวก อร่อย,ลองถ้ามีสินค้ามาแจก (Product Sampling),ซื้อจากร้านสะดวกซื้อ เช่น 7-11,3.0,3.0,3.0,3.0,3.0,3.0,3.0,3.0,3.0,3.0,ชอบชา
30-39ปี,พนักงานบริษัทเอกชน,หญิง,กรุงเทพมหานคร,Instagram,ทุกวัน,มากกว่า 6 ชม./วัน,"9.00-17.59น., 18.00-21.59น., 22.01-4.59น.",22.01-4.59น.,ใช้เท่าเดิม,"โซเชียลมีเดีย เช่น Facebook, Instagram, Twitter, TikTok",ไม่ดื่มกาแฟประเภทใดเลย,ไม่ดื่มกาแฟ,ไม่ดื่มกาแฟ Ready to Drink เลย,ไม่ดื่มกาแฟ,0.0,0.0,0.0,0.0,0.0,0.0,0.0,0.0,0.0,0.0,0.0,0.0,ดื่มระหว่างมื้ออาหาร แทนเครื่องดื่มอื่นๆ เช่น ชานม,"ชงเอง เช่น ผงชา, ใบชา, ถุงชา",ชาแก้วขายตามร้าน เช่น Kamu,น่ากิน,ลองเลย ชอบลองของออกใหม่อยู่แล้ว,"ซื้อจากร้านสะดวกซื้อ เช่น 7-11, ซื้อจากซุปเปอร์มาเก็ต เช่น Tops",5.0,5.0,4.0,3.0,3.0,4.0,4.0,4.0,4.0,4.0,ชอบชา
30-39ปี,พนักงานบริษัทเอกชน,หญิง,กรุงเทพมหานคร,LINE,ทุกวัน,3-4 ชม./วัน,18.00-21.59น.,18.00-21.59น.,ใช้มากกว่าปกติ,"โซเชียลมีเดีย เช่น Facebook, Instagram, Twitter, TikTok",แคปซูลกาแฟ,กาแฟสดคั่วบด,ไม่ดื่มกาแฟ Ready to drink เลย,ไม่ดื่มกาแฟ Ready to drink เลย,5.0,5.0,5.0,5.0,5.0,2.0,2.0,5.0,1.0,5.0,5.0,5.0,"ดื่มระหว่างมื้ออาหาร แทนเครื่องดื่มอื่นๆ เช่น ชานม, ดื่มหลังมื้ออาหารที่เป็นอาหารทอด น้ำมันเยอะๆ","ชาขวดพร้อมดื่ม เช่น Tea P+, Orishi","ชงเอง เช่น ผงชา, ใบชา, ถุงชา",คุณภาพดีที่สุด ไม่ถูกปรรูปด้วยวิธีใดๆ,ลองเลย ชอบลองของออกใหม่อยู่แล้ว,ซื้อจากร้านสะดวกซื้อ เช่น 7-11,5.0,5.0,5.0,5.0,5.0,5.0,3.0,5.0,5.0,5.0,ชอบทั้งกาแฟและชา
40-49ปี,แพทย์,ชาย,นนทบุรี,LINE,ทุกวัน,3-4 ชม./วัน,18.00-21.59น.,"9.00-17.59น., 18.00-21.59น.",ใช้มากกว่าปกติ,"โซเชียลมีเดีย เช่น Facebook, Instagram, Twitter, TikTok",กาแฟผงสำเร็จรูป,กาแฟสดคั่วบด,ไม่ดื่มกาแฟ Ready to drink เลย,ไม่ดื่มกาแฟ Ready to drink เลย,4.0,4.0,4.0,2.0,4.0,4.0,3.0,4.0,5.0,3.0,5.0,5.0,ไม่ดื่มชาเขียวพร้อมดื่ม (Ready to drink) เลย,"ชงเอง เช่น ผงชา, ใบชา, ถุงชา","ชงเอง เช่น ผงชา, ใบชา, ถุงชา",ไม่หวาน ราคาถูก ไม่มีขยะพลาสติก,ไม่ลอง,ซื้อจากร้านสะดวกซื้อ เช่น 7-11,4.0,4.0,4.0,4.0,4.0,3.0,3.0,4.0,4.0,4.0,ชอบทั้งกาแฟและชา
30-39ปี,พนักงานบริษัทเอกชน,หญิง,กรุงเทพมหานคร,Facebook,ทุกวัน,3-4 ชม./วัน,22.01-4.59น.,"9.00-17.59น., 22.01-4.59น.",ใช้มากกว่าปกติ,"โซเชียลมีเดีย เช่น Facebook, Instagram, Twitter, TikTok, แพลตฟอร์มวิดีโอ เช่น YouTube, VIU",กาแฟสดคั่วบด เช่น ร้านกาแฟสด,กาแฟสดคั่วบด,ไม่ดื่มกาแฟ Ready to drink เลย,ดื่มทดแทนเมื่อหาร้านกาแฟสดไม่ได้,5.0,4.0,4.0,4.0,5.0,2.0,4.0,3.0,3.0,4.0,4.0,4.0,ไม่ดื่มชา,ไม่ดื่มชา,ไม่ดื่มชา,ไม่ดื่มชา,ไม่ลอง,ไม่ซื้อชา ready to drink,0.0,0.0,0.0,0.0,0.0,0.0,0.0,0.0,0.0,0.0,ชอบกาแฟ
40-49ปี,พนักงานบริษัทเอกชน,หญิง,กรุงเทพมหานคร,LINE,ทุกวัน,1-2 ชม./วัน,9.00-17.59น.,22.01-4.59น.,ใช้มากกว่าปกติ,"โทรทัศน์, สื่อ ณ จุดขาย",กาแฟสดคั่วบด เช่น ร้านกาแฟสด,กาแฟสดคั่วบด,ไม่ดื่มกาแฟ Ready to drink เลย,ไม่ดื่มกาแฟ Ready to drink เลย,4.0,2.0,4.0,2.0,4.0,3.0,4.0,4.0,3.0,3.0,4.0,4.0,ไม่ดื่มชา,ไม่ดื่มชา,ไม่ดื่มชา,ไม่ดื่มชา,ไม่ลอง,ไม่ซื้อชา ready to drink,0.0,0.0,0.0,0.0,0.0,0.0,0.0,0.0,0.0,0.0,ชอบกาแฟ
40-49ปี,พนักงานบริษัทเอกชน,หญิง,กรุงเทพมหานคร,Facebook,5-6 ครั้ง/อาทิตย์,5-6 ชม./วัน,"05.00-8.59น., 9.00-17.59น., 18.00-21.59น., 22.01-4.59น.","05.00-8.59น., 9.00-17.59น., 18.00-21.59น., 22.01-4.59น.",ใช้เท่าเดิม,"โทรทัศน์, โซเชียลมีเดีย เช่น Facebook, Instagram, Twitter, TikTok",แคปซูลกาแฟ,แคปซูลกาแฟ,ไม่ดื่มกาแฟ Ready to drink เลย,ไม่ดื่มกาแฟ Ready to drink เลย,5.0,5.0,5.0,5.0,5.0,4.0,5.0,5.0,5.0,4.0,5.0,5.0,ไม่ดื่มชา,ไม่ดื่มชา,ไม่ดื่มชา,ไม่ดื่มชา,ไม่ลอง,ไม่ซื้อชา ready to drink,0.0,0.0,0.0,0.0,0.0,0.0,0.0,0.0,0.0,0.0,ชอบกาแฟ
30-39ปี,พนักงานบริษัทเอกชน,ชาย,กรุงเทพมหานคร,Instagram,ทุกวัน,3-4 ชม./วัน,"9.00-17.59น., 18.00-21.59น.","9.00-17.59น., 18.00-21.59น.",ใช้มากกว่าปกติ,สื่อ ณ จุดขาย,กาแฟสดคั่วบด เช่น ร้านกาแฟสด,กาแฟสดคั่วบด,Binary,ดื่มทดแทนเมื่อหาร้านกาแฟสดไม่ได้,5.0,4.0,3.0,1.0,4.0,5.0,3.0,5.0,5.0,4.0,5.0,4.0,"ดื่มระหว่างทำงานอดิเรกต่างๆ เช่น ดูซีรีส์, ฟังเพลง, ดูบอล","ชาขวดพร้อมดื่ม เช่น Tea P+, Orishi","ชาขวดพร้อมดื่ม เช่น Tea P+, Orishi",ดื่มง่าย,"ลองเมื่อมีโปรโมชั่น ณ​ จุดขาย, ลองถ้าเห็นโฆษณาน่าสนใจ, ลองถ้าเห็นคนรีวิวเยอะ","ซื้อจากร้านสะดวกซื้อ เช่น 7-11, ซื้อจากซุปเปอร์มาเก็ต เช่น Tops",5.0,5.0,5.0,5.0,4.0,3.0,3.0,3.0,3.0,3.0,ชอบทั้งกาแฟและชา
30-39ปี,พนักงานบริษัทเอกชน,หญิง,กรุงเทพมหานคร,Twitter,ทุกวัน,มากกว่า 6 ชม./วัน,9.00-17.59น.,18.00-21.59น.,ใช้เท่าเดิม,"โซเชียลมีเดีย เช่น Facebook, Instagram, Twitter, TikTok",ไม่ดื่มกาแฟประเภทใดเลย,ไม่ดื่มกาแฟ,ไม่ดื่มกาแฟ Ready to Drink เลย,ไม่ดื่มกาแฟ,0.0,0.0,0.0,0.0,0.0,0.0,0.0,0.0,0.0,0.0,0.0,0.0,ดื่มระหว่างมื้ออาหาร แทนเครื่องดื่มอื่นๆ เช่น ชานม,ชาแก้วขายตามร้าน เช่น Kamu,ชาแก้วขายตามร้าน เช่น Kamu,อร่อย,ลองเมื่อมีโปรโมชั่น ณ​ จุดขาย,"ซื้อจากร้านสะดวกซื้อ เช่น 7-11, ซื้อจากซุปเปอร์มาเก็ต เช่น Tops",4.0,4.0,4.0,4.0,4.0,4.0,4.0,4.0,4.0,4.0,ชอบชา
50ปี ขึ้นไป,พนักงานบริษัทเอกชน,หญิง,กรุงเทพมหานคร,Facebook,ทุกวัน,5-6 ชม./วัน,"05.00-8.59น., 9.00-17.59น., 18.00-21.59น.","9.00-17.59น., 22.01-4.59น.",ใช้เท่าเดิม,"โทรทัศน์, บิลบอร์ด/ป้ายโฆษณา, โซเชียลมีเดีย เช่น Facebook, Instagram, Twitter, TikTok, แอปพลิเคชั่นแชท/ส่งเมสเสจ เช่น LINE, Facebook Messenger",กาแฟสดคั่วบด เช่น ร้านกาแฟสด,กาแฟสดคั่วบด,SCC,ดื่มระหว่างเดินทาง/ขับรถ,5.0,5.0,4.0,1.0,5.0,5.0,4.0,5.0,5.0,4.0,5.0,5.0,ไม่ดื่มชา,ไม่ดื่มชา,ไม่ดื่มชา,ไม่ดื่มชา,ไม่ลอง,ไม่ซื้อชา ready to drink,0.0,0.0,0.0,0.0,0.0,0.0,0.0,0.0,0.0,0.0,ชอบกาแฟ
40-49ปี,พนักงานบริษัทเอกชน,หญิง,กรุงเทพมหานคร,Facebook,ทุกวัน,มากกว่า 6 ชม./วัน,18.00-21.59น.,18.00-21.59น.,ใช้เท่าเดิม,"โทรทัศน์, โซเชียลมีเดีย เช่น Facebook, Instagram, Twitter, TikTok",ไม่ดื่มกาแฟประเภทใดเลย,ไม่ดื่มกาแฟ,ไม่ดื่มกาแฟ Ready to Drink เลย,ไม่ดื่มกาแฟ,0.0,0.0,0.0,0.0,0.0,0.0,0.0,0.0,0.0,0.0,0.0,0.0,ไม่ดื่มชาเขียวพร้อมดื่ม (Ready to drink) เลย,"ชงเอง เช่น ผงชา, ใบชา, ถุงชา","ชงเอง เช่น ผงชา, ใบชา, ถุงชา",ปลอดภัย สะอาด คุมความหวานได้,ลองถ้าเห็นคนรีวิวเยอะ,ซื้อจากร้านสะดวกซื้อ เช่น 7-11,4.0,4.0,4.0,4.0,4.0,4.0,4.0,4.0,3.0,4.0,ชอบชา
30-39ปี,พนักงานบริษัทเอกชน,ชาย,กรุงเทพมหานคร,Facebook,ทุกวัน,มากกว่า 6 ชม./วัน,"05.00-8.59น., 9.00-17.59น., 18.00-21.59น., 22.01-4.59น.","05.00-8.59น., 9.00-17.59น., 18.00-21.59น., 22.01-4.59น.",ใช้เท่าเดิม,"โซเชียลมีเดีย เช่น Facebook, Instagram, Twitter, TikTok, เว็บไซต์",กาแฟสดคั่วบด เช่น ร้านกาแฟสด,กาแฟสดคั่วบด,Best,"ดื่มให้ตื่นตัวในตอนเช้า, ดื่มให้ตื่นตัวระหว่างทำงานเวลากลางวัน, ดื่มให้ไม่ง่วงในวันที่ทำงานดึก, ดื่มระหว่างเดินทาง/ขับรถ",4.0,5.0,3.0,3.0,4.0,5.0,3.0,4.0,3.0,4.0,4.0,3.0,ไม่ดื่มชา,ไม่ดื่มชา,ไม่ดื่มชา,ไม่ดื่มชา,ไม่ลอง,ไม่ซื้อชา ready to drink,0.0,0.0,0.0,0.0,0.0,0.0,0.0,0.0,0.0,0.0,ชอบกาแฟ
30-39ปี,พนักงานบริษัทเอกชน,หญิง,กรุงเทพมหานคร,TikTok,ทุกวัน,มากกว่า 6 ชม./วัน,"9.00-17.59น., 18.00-21.59น., 22.01-4.59น.","9.00-17.59น., 18.00-21.59น., 22.01-4.59น.",ใช้มากกว่าปกติ,"โซเชียลมีเดีย เช่น Facebook, Instagram, Twitter, TikTok, แอปพลิเคชั่นแชท/ส่งเมสเสจ เช่น LINE, Facebook Messenger",กาแฟสดคั่วบด เช่น ร้านกาแฟสด,กาแฟสดคั่วบด,ไม่ดื่มกาแฟ Ready to drink เลย,ไม่ดื่มกาแฟ Ready to drink เลย,5.0,4.0,4.0,3.0,4.0,4.0,5.0,3.0,5.0,3.0,5.0,5.0,"ดื่มระหว่างทำงานอดิเรกต่างๆ เช่น ดูซีรีส์, ฟังเพลง, ดูบอล",ชาแก้วขายตามร้าน เช่น Kamu,ชาแก้วขายตามร้าน เช่น Kamu,ดื่มชาแก้วเพราะร้านชงอร่อย,ลองถ้าเห็นคนรีวิวเยอะ,ซื้อจากร้านสะดวกซื้อ เช่น 7-11,5.0,4.0,1.0,2.0,3.0,5.0,3.0,4.0,5.0,4.0,ชอบทั้งกาแฟและชา
30-39ปี,พนักงานบริษัทเอกชน,หญิง,นนทบุรี,TikTok,ทุกวัน,มากกว่า 6 ชม./วัน,"05.00-8.59น., 9.00-17.59น., 18.00-21.59น., 22.01-4.59น.","05.00-8.59น., 9.00-17.59น., 18.00-21.59น., 22.01-4.59น.",ใช้เท่าเดิม,"สื่อ ณ จุดขาย, โซเชียลมีเดีย เช่น Facebook, Instagram, Twitter, TikTok, เว็บไซต์",แคปซูลกาแฟ,กาแฟสดคั่วบด,ไม่ดื่มกาแฟ Ready to drink เลย,ไม่ดื่มกาแฟ Ready to drink เลย,5.0,5.0,5.0,3.0,5.0,5.0,5.0,5.0,5.0,3.0,5.0,5.0,ดื่มระหว่างวันเหมือน/แทนน้ำเปล่า,ชาแก้วขายตามร้าน เช่น Kamu,ชาแก้วขายตามร้าน เช่น Kamu,ไม่ชอบทำชากินเอง,ลองถ้ามีสินค้ามาแจก (Product Sampling),ซื้อจากร้านสะดวกซื้อ เช่น 7-11,5.0,5.0,5.0,5.0,5.0,5.0,5.0,5.0,5.0,5.0,ชอบทั้งกาแฟและชา
30-39ปี,พนักงานบริษัทเอกชน,หญิง,กรุงเทพมหานคร,TikTok,ทุกวัน,3-4 ชม./วัน,"18.00-21.59น., 22.01-4.59น.","9.00-17.59น., 18.00-21.59น., 22.01-4.59น.",ใช้มากกว่าปกติ,"โซเชียลมีเดีย เช่น Facebook, Instagram, Twitter, TikTok",แคปซูลกาแฟ,กาแฟสดคั่วบด,ไม่ดื่มกาแฟ Ready to drink เลย,ไม่ดื่มกาแฟ Ready to drink เลย,3.0,3.0,3.0,3.0,3.0,3.0,3.0,3.0,3.0,3.0,3.0,3.0,ดื่มระหว่างมื้ออาหาร แทนเครื่องดื่มอื่นๆ เช่น ชานม,"ชงเอง เช่น ผงชา, ใบชา, ถุงชา","ชงเอง เช่น ผงชา, ใบชา, ถุงชา",หอม รสชาติดี ไม่มีน้ำตาล,"ลองถ้าเห็นคนรีวิวเยอะ, ลองถ้ามีสินค้ามาแจก (Product Sampling)",ซื้อจากร้านสะดวกซื้อ เช่น 7-11,4.0,4.0,5.0,5.0,4.0,3.0,3.0,5.0,4.0,4.0,ชอบทั้งกาแฟและชา
30-39ปี,พนักงานบริษัทเอกชน,หญิง,ภูเก็ต,Twitter,ทุกวัน,มากกว่า 6 ชม./วัน,"9.00-17.59น., 18.00-21.59น., 22.01-4.59น.","9.00-17.59น., 18.00-21.59น., 22.01-4.59น.",ใช้มากกว่าปกติ,"โซเชียลมีเดีย เช่น Facebook, Instagram, Twitter, TikTok, เว็บไซต์",กาแฟสดคั่วบด เช่น ร้านกาแฟสด,กาแฟสดคั่วบด,ไม่ดื่มกาแฟ Ready to drink เลย,ไม่ดื่มกาแฟ Ready to drink เลย,5.0,5.0,5.0,1.0,5.0,5.0,4.0,5.0,5.0,3.0,4.0,4.0,"ดื่มให้ตื่นตัวระหว่างทำงานเวลากลางวัน, ดื่มระหว่างทำงานอดิเรกต่างๆ เช่น ดูซีรีส์, ฟังเพลง, ดูบอล, ดื่มระหว่างเดินทาง/ขับรถ, ดื่มให้ไม่ง่วงในวันที่ทำงานดึก","ชาขวดพร้อมดื่ม เช่น Tea P+, Orishi",ชาแก้วขายตามร้าน เช่น Kamu,สดใหม่ อร่อย สะดวก,"ลองเลย ชอบลองของออกใหม่อยู่แล้ว, ลองเมื่อมีโปรโมชั่น ณ​ จุดขาย, ลองถ้าเห็นโฆษณาน่าสนใจ, ลองถ้าเห็นคนรีวิวเยอะ, ลองถ้ามีสินค้ามาแจก (Product Sampling)","ซื้อจากร้านสะดวกซื้อ เช่น 7-11, ซื้อจากซุปเปอร์มาเก็ต เช่น Tops",5.0,5.0,4.0,3.0,4.0,4.0,4.0,5.0,4.0,4.0,ชอบทั้งกาแฟและชา
40-49ปี,พนักงานบริษัทเอกชน,หญิง,กรุงเทพมหานคร,Facebook,3-4 ครั้ง/อาทิตย์,1-2 ชม./วัน,"05.00-8.59น., 18.00-21.59น., 22.01-4.59น.",9.00-17.59น.,ใช้มากกว่าปกติ,"โทรทัศน์, แพลตฟอร์มวิดีโอ เช่น YouTube, VIU",กาแฟผงสำเร็จรูปพร้อมดื่ม (3-in-1),กาแฟผงสำเร็จรูปพร้อมดื่ม (3-in-1),กาแฟเน้จอร์กีฟ,"ดื่มให้ตื่นตัวในตอนเช้า, ดื่มระหว่างเดินทาง/ขับรถ",4.0,4.0,5.0,3.0,4.0,3.0,4.0,5.0,5.0,5.0,4.0,4.0,ไม่ดื่มชา,ไม่ดื่มชา,ไม่ดื่มชา,ไม่ดื่มชา,ไม่ลอง,ไม่ซื้อชา ready to drink,0.0,0.0,0.0,0.0,0.0,0.0,0.0,0.0,0.0,0.0,ชอบกาแฟ
23-29ปี,พนักงานบริษัทเอกชน,หญิง,กรุงเทพมหานคร,TikTok,ทุกวัน,มากกว่า 6 ชม./วัน,"9.00-17.59น., 18.00-21.59น.",9.00-17.59น.,ใช้มากกว่าปกติ,"โซเชียลมีเดีย เช่น Facebook, Instagram, Twitter, TikTok, เว็บไซต์, แอปพลิเคชั่นแชท/ส่งเมสเสจ เช่น LINE, Facebook Messenger, แพลตฟอร์มวิดีโอ เช่น YouTube, VIU, แพลตฟอร์มเพลง เช่น Spotify, Joox",ไม่ดื่มกาแฟประเภทใดเลย,ไม่ดื่มกาแฟ,ไม่ดื่มกาแฟ Ready to Drink เลย,ไม่ดื่มกาแฟ,0.0,0.0,0.0,0.0,0.0,0.0,0.0,0.0,0.0,0.0,0.0,0.0,ดื่มระหว่างมื้ออาหาร แทนเครื่องดื่มอื่นๆ เช่น ชานม,ชาแก้วขายตามร้าน เช่น Kamu,ชาแก้วขายตามร้าน เช่น Kamu,ชาแก้ว ร้านชงอร่อย,"ลองเลย ชอบลองของออกใหม่อยู่แล้ว, ลองเมื่อมีโปรโมชั่น ณ​ จุดขาย, ลองถ้าเห็นโฆษณาน่าสนใจ, ลองถ้าเห็นคนรีวิวเยอะ, ลองถ้ามีสินค้ามาแจก (Product Sampling)",ซื้อจากร้านสะดวกซื้อ เช่น 7-11,5.0,5.0,5.0,3.0,3.0,3.0,3.0,5.0,5.0,5.0,ชอบชา
23-29ปี,พนักงานบริษัทเอกชน,ชาย,กรุงเทพมหานคร,Facebook,ทุกวัน,มากกว่า 6 ชม./วัน,"9.00-17.59น., 18.00-21.59น., 22.01-4.59น.","05.00-8.59น., 9.00-17.59น., 18.00-21.59น., 22.01-4.59น.",ไม่ใช้โซเชียลมีเดียเลย,"สื่อ ณ จุดขาย, โซเชียลมีเดีย เช่น Facebook, Instagram, Twitter, TikTok, เว็บไซต์, แอปพลิเคชั่นแชท/ส่งเมสเสจ เช่น LINE, Facebook Messenger",ไม่ดื่มกาแฟประเภทใดเลย,ไม่ดื่มกาแฟ,ไม่ดื่มกาแฟ Ready to Drink เลย,ไม่ดื่มกาแฟ,0.0,0.0,0.0,0.0,0.0,0.0,0.0,0.0,0.0,0.0,0.0,0.0,"ดื่มให้ตื่นตัวระหว่างทำงานเวลากลางวัน, ดื่มระหว่างวันเหมือน/แทนน้ำเปล่า","ชงเอง เช่น ผงชา, ใบชา, ถุงชา","ชงเอง เช่น ผงชา, ใบชา, ถุงชา",ถูกกว่า และชอบดื่มที่บ้าน,"ลองถ้าเห็นโฆษณาน่าสนใจ, ลองถ้าเห็นคนรีวิวเยอะ","ซื้อจากร้านสะดวกซื้อ เช่น 7-11, ซื้อจากร้านโชว์ห่วย/ร้านชำ",5.0,4.0,3.0,3.0,3.0,1.0,3.0,5.0,1.0,3.0,ชอบชา
40-49ปี,พนักงานบริษัทเอกชน,หญิง,กรุงเทพมหานคร,TikTok,ทุกวัน,มากกว่า 6 ชม./วัน,"18.00-21.59น., 22.01-4.59น.","9.00-17.59น., 22.01-4.59น.",ใช้มากกว่าปกติ,"โซเชียลมีเดีย เช่น Facebook, Instagram, Twitter, TikTok",แคปซูลกาแฟ,แคปซูลกาแฟ,ไม่ดื่มกาแฟ Ready to drink เลย,ไม่ดื่มกาแฟ Ready to drink เลย,4.0,4.0,4.0,1.0,4.0,3.0,3.0,5.0,5.0,2.0,5.0,5.0,"ดื่มระหว่างทำงานอดิเรกต่างๆ เช่น ดูซีรีส์, ฟังเพลง, ดูบอล, ดื่มระหว่างเดินทาง/ขับรถ","ชาขวดพร้อมดื่ม เช่น Tea P+, Orishi","ชาขวดพร้อมดื่ม เช่น Tea P+, Orishi",สะดวก,"ลองเมื่อมีโปรโมชั่น ณ​ จุดขาย, ลองถ้าเห็นโฆษณาน่าสนใจ, ลองถ้ามีสินค้ามาแจก (Product Sampling)",ซื้อจากร้านสะดวกซื้อ เช่น 7-11,4.0,4.0,5.0,5.0,4.0,4.0,4.0,5.0,4.0,4.0,ชอบทั้งกาแฟและชา
30-39ปี,พนักงานบริษัทเอกชน,หญิง,กรุงเทพมหานคร,Instagram,ทุกวัน,มากกว่า 6 ชม./วัน,18.00-21.59น.,9.00-17.59น.,ใช้มากกว่าปกติ,"โซเชียลมีเดีย เช่น Facebook, Instagram, Twitter, TikTok",กาแฟสดคั่วบด เช่น ร้านกาแฟสด,กาแฟสดคั่วบด,Best,ดื่มให้ตื่นตัวในตอนเช้า,5.0,4.0,5.0,1.0,5.0,4.0,4.0,5.0,4.0,4.0,5.0,4.0,"ดื่มระหว่างทำงานอดิเรกต่างๆ เช่น ดูซีรีส์, ฟังเพลง, ดูบอล","ชาขวดพร้อมดื่ม เช่น Tea P+, Orishi","ชาขวดพร้อมดื่ม เช่น Tea P+, Orishi",ง่าย สะดวก และอร่อย,ลองถ้าเห็นคนรีวิวเยอะ,ซื้อจากร้านสะดวกซื้อ เช่น 7-11,5.0,5.0,5.0,5.0,5.0,4.0,4.0,5.0,5.0,4.0,ชอบทั้งกาแฟและชา
18-22ปี,นักศึกษา,หญิง,ปทุมธานี,Twitter,ทุกวัน,5-6 ชม./วัน,"9.00-17.59น., 18.00-21.59น., 22.01-4.59น.","9.00-17.59น., 18.00-21.59น., 22.01-4.59น.",ใช้น้อยกว่าปกติ,"สื่อ ณ จุดขาย, โซเชียลมีเดีย เช่น Facebook, Instagram, Twitter, TikTok",ไม่ดื่มกาแฟประเภทใดเลย,ไม่ดื่มกาแฟ,ไม่ดื่มกาแฟ Ready to Drink เลย,ไม่ดื่มกาแฟ,0.0,0.0,0.0,0.0,0.0,0.0,0.0,0.0,0.0,0.0,0.0,0.0,ไม่ดื่มชาเขียวพร้อมดื่ม (Ready to drink) เลย,ชาแก้วขายตามร้าน เช่น Kamu,ชาแก้วขายตามร้าน เช่น Kamu,อร่อย สะดวก,ไม่ลอง,ซื้อจากร้านสะดวกซื้อ เช่น 7-11,3.0,2.0,4.0,4.0,3.0,3.0,2.0,4.0,4.0,4.0,ชอบชา
30-39ปี,ธุรกิจส่วนตัว,ชาย,กรุงเทพมหานคร,Facebook,ทุกวัน,5-6 ชม./วัน,"05.00-8.59น., 9.00-17.59น., 18.00-21.59น., 22.01-4.59น.","05.00-8.59น., 9.00-17.59น., 18.00-21.59น., 22.01-4.59น.",ใช้เท่าเดิม,"แพลตฟอร์มวิดีโอ เช่น YouTube, VIU",กาแฟสดคั่วบด เช่น ร้านกาแฟสด,กาแฟสดคั่วบด,ไม่ดื่มกาแฟ Ready to drink เลย,ไม่ดื่มกาแฟ Ready to drink เลย,5.0,5.0,3.0,3.0,3.0,5.0,1.0,5.0,3.0,3.0,3.0,5.0,ไม่ดื่มชาเขียวพร้อมดื่ม (Ready to drink) เลย,"ชงเอง เช่น ผงชา, ใบชา, ถุงชา","ชงเอง เช่น ผงชา, ใบชา, ถุงชา",หร่อย,ไม่ลอง,ซื้อจากร้านสะดวกซื้อ เช่น 7-11,3.0,3.0,5.0,5.0,3.0,3.0,3.0,3.0,3.0,3.0,ชอบทั้งกาแฟและชา
23-29ปี,พนักงานบริษัทเอกชน,ชาย,ปทุมธานี,Instagram,ทุกวัน,3-4 ชม./วัน,"9.00-17.59น., 18.00-21.59น., 22.01-4.59น.","9.00-17.59น., 18.00-21.59น., 22.01-4.59น.",ใช้มากกว่าปกติ,"โซเชียลมีเดีย เช่น Facebook, Instagram, Twitter, TikTok",กาแฟสดคั่วบด เช่น ร้านกาแฟสด,กาแฟสดคั่วบด,ไม่ดื่มกาแฟ Ready to drink เลย,ไม่ดื่มกาแฟ Ready to drink เลย,5.0,3.0,4.0,1.0,5.0,4.0,1.0,3.0,4.0,5.0,4.0,5.0,"ดื่มให้ตื่นตัวระหว่างทำงานเวลากลางวัน, ดื่มระหว่างวันเหมือน/แทนน้ำเปล่า, ดื่มก่อนออกกำลังกาย","ชาขวดพร้อมดื่ม เช่น Tea P+, Orishi","ชาขวดพร้อมดื่ม เช่น Tea P+, Orishi",อร่อย น่าเชื่อถือ,ลองเมื่อมีโปรโมชั่น ณ​ จุดขาย,ซื้อจากร้านสะดวกซื้อ เช่น 7-11,5.0,5.0,4.0,4.0,5.0,3.0,3.0,3.0,5.0,5.0,ชอบทั้งกาแฟและชา
40-49ปี,พนักงานบริษัทเอกชน,หญิง,กรุงเทพมหานคร,Facebook,ทุกวัน,3-4 ชม./วัน,9.00-17.59น.,9.00-17.59น.,ใช้มากกว่าปกติ,"รถเมล์/รถไฟฟ้า, สื่อ ณ จุดขาย",กาแฟสดคั่วบด เช่น ร้านกาแฟสด,กาแฟสดคั่วบด,ไม่ดื่มกาแฟ Ready to drink เลย,ไม่ดื่มกาแฟ Ready to drink เลย,4.0,3.0,3.0,1.0,4.0,4.0,3.0,4.0,4.0,3.0,4.0,4.0,"ดื่มให้ตื่นตัวระหว่างทำงานเวลากลางวัน, ดื่มระหว่างทำงานอดิเรกต่างๆ เช่น ดูซีรีส์, ฟังเพลง, ดูบอล",ชาแก้วขายตามร้าน เช่น Kamu,ชาแก้วขายตามร้าน เช่น Kamu,หลากหลาย,ลองถ้าเห็นโฆษณาน่าสนใจ,"ซื้อจากซุปเปอร์มาเก็ต เช่น Tops, ซื้อจากร้านโชว์ห่วย/ร้านชำ",5.0,4.0,3.0,3.0,3.0,2.0,2.0,4.0,4.0,3.0,ชอบทั้งกาแฟและชา
30-39ปี,พนักงานบริษัทเอกชน,หญิง,สมุทรปราการ,Facebook,ทุกวัน,มากกว่า 6 ชม./วัน,"9.00-17.59น., 18.00-21.59น.","9.00-17.59น., 18.00-21.59น.",ใช้เท่าเดิม,"โซเชียลมีเดีย เช่น Facebook, Instagram, Twitter, TikTok, เว็บไซต์, แพลตฟอร์มวิดีโอ เช่น YouTube, VIU",แคปซูลกาแฟ,กาแฟสดคั่วบด,ไม่ดื่มกาแฟ Ready to drink เลย,ไม่ดื่มกาแฟ Ready to drink เลย,4.0,4.0,4.0,4.0,4.0,4.0,3.0,3.0,3.0,3.0,2.0,2.0,ไม่ดื่มชาเขียวพร้อมดื่ม (Ready to drink) เลย,ชาแก้วขายตามร้าน เช่น Kamu,ชาแก้วขายตามร้าน เช่น Kamu,เข้มข้น อร่อย,ลองถ้ามีสินค้ามาแจก (Product Sampling),"ซื้อจากร้านสะดวกซื้อ เช่น 7-11, ซื้อจากซุปเปอร์มาเก็ต เช่น Tops, ซื้อจากเพจของแบรนด์นั้นๆ",4.0,4.0,4.0,3.0,4.0,4.0,4.0,3.0,2.0,2.0,ชอบทั้งกาแฟและชา
30-39ปี,พนักงานบริษัทเอกชน,หญิง,กรุงเทพมหานคร,LINE,ทุกวัน,มากกว่า 6 ชม./วัน,"9.00-17.59น., 18.00-21.59น.","9.00-17.59น., 18.00-21.59น., 22.01-4.59น.",ไม่ใช้โซเชียลมีเดียเลย,"โทรทัศน์, แพลตฟอร์มวิดีโอ เช่น YouTube, VIU",กาแฟผงสำเร็จรูปพร้อมดื่ม (3-in-1),กาแฟสดคั่วบด,SCC,"ดื่มให้ตื่นตัวในตอนเช้า, ดื่มให้ตื่นตัวระหว่างทำงานเวลากลางวัน, ดื่มระหว่างเดินทาง/ขับรถ, ดื่มระหว่างมื้ออาหาร แทนเครื่องดื่มอื่นๆ เช่น ชานม, ดื่มระหว่างทำงานอดิเรกต่างๆ เช่น ดูซีรีส์, เล่นเกม, ดูบอล, ดื่มทดแทนเมื่อหาร้านกาแฟสดไม่ได้",5.0,5.0,5.0,1.0,5.0,1.0,1.0,5.0,5.0,5.0,1.0,1.0,"ดื่มระหว่างวันเหมือน/แทนน้ำเปล่า, ดื่มระหว่างมื้ออาหาร แทนเครื่องดื่มอื่นๆ เช่น ชานม, ดื่มระหว่างทำงานอดิเรกต่างๆ เช่น ดูซีรีส์, ฟังเพลง, ดูบอล, ดื่มระหว่างเดินทาง/ขับรถ",ชาจีนอู่หลง-หลงจิ่ง-อู่อี๋เหยียน-ปี้หลัวชุน,"ชงเอง เช่น ผงชา, ใบชา, ถุงชา",หอมกว่า เลือกระดับความเข้ม-ฝาดเองได้,"ลองเลย ชอบลองของออกใหม่อยู่แล้ว, ลองเมื่อมีโปรโมชั่น ณ​ จุดขาย, ลองถ้ามีสินค้ามาแจก (Product Sampling)","ซื้อจากร้านสะดวกซื้อ เช่น 7-11, ซื้อจากช่องทางออนไลน์​ เช่น Shopee, ซื้อจากร้านโชว์ห่วย/ร้านชำ",5.0,5.0,5.0,5.0,5.0,5.0,5.0,5.0,5.0,1.0,ชอบทั้งกาแฟและชา
30-39ปี,พนักงานบริษัทเอกชน,หญิง,กรุงเทพมหานคร,Twitter,ทุกวัน,มากกว่า 6 ชม./วัน,9.00-17.59น.,"9.00-17.59น., 18.00-21.59น., 22.01-4.59น.",ใช้มากกว่าปกติ,"โซเชียลมีเดีย เช่น Facebook, Instagram, Twitter, TikTok, เว็บไซต์",ไม่ดื่มกาแฟประเภทใดเลย,ไม่ดื่มกาแฟ,ไม่ดื่มกาแฟ Ready to Drink เลย,ไม่ดื่มกาแฟ,0.0,0.0,0.0,0.0,0.0,0.0,0.0,0.0,0.0,0.0,0.0,0.0,ดื่มให้ตื่นตัวระหว่างทำงานเวลากลางวัน,"ชาขวดพร้อมดื่ม เช่น Tea P+, Orishi","ชาขวดพร้อมดื่ม เช่น Tea P+, Orishi",สะดวก,"ลองเลย ชอบลองของออกใหม่อยู่แล้ว, ลองถ้าเห็นคนรีวิวเยอะ",ซื้อจากร้านสะดวกซื้อ เช่น 7-11,5.0,5.0,5.0,4.0,4.0,3.0,3.0,5.0,4.0,4.0,ชอบชา
23-29ปี,พนักงานบริษัทเอกชน,ชาย,กรุงเทพมหานคร,Instagram,3-4 ครั้ง/อาทิตย์,3-4 ชม./วัน,"18.00-21.59น., 22.01-4.59น.","9.00-17.59น., 18.00-21.59น., 22.01-4.59น.",ใช้เท่าเดิม,"โทรทัศน์, รถเมล์/รถไฟฟ้า, โซเชียลมีเดีย เช่น Facebook, Instagram, Twitter, TikTok",กาแฟผงสำเร็จรูป,กาแฟสดคั่วบด,Newcafe,ดื่มให้ตื่นตัวระหว่างทำงานเวลากลางวัน,4.0,4.0,4.0,1.0,5.0,5.0,5.0,5.0,5.0,5.0,5.0,5.0,ดื่มระหว่างวันเหมือน/แทนน้ำเปล่า,ชาแก้วขายตามร้าน เช่น Kamu,ชาแก้วขายตามร้าน เช่น Kamu,อร่อยกว่า มีน้ำแข็ง สั่งระดับความหวานได้,"ลองเมื่อมีโปรโมชั่น ณ​ จุดขาย, ลองถ้าเห็นโฆษณาน่าสนใจ, ลองถ้าเห็นคนรีวิวเยอะ, ลองถ้ามีสินค้ามาแจก (Product Sampling)","ซื้อจากร้านสะดวกซื้อ เช่น 7-11, ซื้อจากซุปเปอร์มาเก็ต เช่น Tops, ซื้อจากร้านโชว์ห่วย/ร้านชำ",3.0,3.0,4.0,4.0,5.0,5.0,4.0,5.0,5.0,5.0,ชอบทั้งกาแฟและชา
30-39ปี,ธุรกิจส่วนตัว,ชาย,กรุงเทพมหานคร,Facebook,ทุกวัน,3-4 ชม./วัน,"9.00-17.59น., 18.00-21.59น., 22.01-4.59น.","9.00-17.59น., 18.00-21.59น., 22.01-4.59น.",ใช้เท่าเดิม,"โทรทัศน์, แพลตฟอร์มวิดีโอ เช่น YouTube, VIU",กาแฟพร้อมดื่ม (Ready to drink),กาแฟพร้อมดื่ม (Ready to drink),Newcafe,ดื่มให้ไม่ง่วงในวันที่ทำงานดึก,3.0,3.0,3.0,3.0,3.0,5.0,3.0,5.0,3.0,3.0,4.0,4.0,ดื่มระหว่างมื้ออาหาร แทนเครื่องดื่มอื่นๆ เช่น ชานม,"ชาขวดพร้อมดื่ม เช่น Tea P+, Orishi","ชาขวดพร้อมดื่ม เช่น Tea P+, Orishi",หวานอร่อย,"ลองถ้าเห็นคนรีวิวเยอะ, ลองถ้ามีสินค้ามาแจก (Product Sampling)",ซื้อจากร้านสะดวกซื้อ เช่น 7-11,3.0,3.0,1.0,1.0,1.0,1.0,1.0,4.0,4.0,4.0,ชอบทั้งกาแฟและชา
40-49ปี,พนักงานบริษัทเอกชน,หญิง,กรุงเทพมหานคร,Facebook,ทุกวัน,มากกว่า 6 ชม./วัน,22.01-4.59น.,"18.00-21.59น., 22.01-4.59น.",ใช้เท่าเดิม,"บิลบอร์ด/ป้ายโฆษณา, โซเชียลมีเดีย เช่น Facebook, Instagram, Twitter, TikTok, แอปพลิเคชั่นแชท/ส่งเมสเสจ เช่น LINE, Facebook Messenger",กาแฟสดคั่วบด เช่น ร้านกาแฟสด,กาแฟสดคั่วบด,ไม่ดื่มกาแฟ Ready to drink เลย,ไม่ดื่มกาแฟ Ready to drink เลย,5.0,4.0,5.0,1.0,5.0,4.0,4.0,5.0,5.0,3.0,4.0,4.0,"ดื่มระหว่างวันเหมือน/แทนน้ำเปล่า, ดื่มระหว่างมื้ออาหาร แทนเครื่องดื่มอื่นๆ เช่น ชานม, ดื่มระหว่างทำงานอดิเรกต่างๆ เช่น ดูซีรีส์, ฟังเพลง, ดูบอล",ชาแก้วขายตามร้าน เช่น Kamu,ชาแก้วขายตามร้าน เช่น Kamu,อร่อย,"ลองถ้าเห็นคนรีวิวเยอะ, ลองถ้ามีสินค้ามาแจก (Product Sampling)","ซื้อจากร้านสะดวกซื้อ เช่น 7-11, ซื้อจากซุปเปอร์มาเก็ต เช่น Tops",5.0,4.0,2.0,3.0,2.0,3.0,4.0,4.0,5.0,5.0,ชอบทั้งกาแฟและชา
30-39ปี,พนักงานบริษัทเอกชน,ชาย,กรุงเทพมหานคร,Facebook,ทุกวัน,5-6 ชม./วัน,"9.00-17.59น., 18.00-21.59น., 22.01-4.59น.","9.00-17.59น., 18.00-21.59น., 22.01-4.59น.",ใช้มากกว่าปกติ,"โซเชียลมีเดีย เช่น Facebook, Instagram, Twitter, TikTok, แพลตฟอร์มวิดีโอ เช่น YouTube, VIU",กาแฟสดคั่วบด เช่น ร้านกาแฟสด,กาแฟสดคั่วบด,ไม่ดื่มกาแฟ Ready to drink เลย,ไม่ดื่มกาแฟ Ready to drink เลย,5.0,5.0,5.0,2.0,3.0,4.0,4.0,3.0,2.0,2.0,2.0,2.0,"ดื่มระหว่างวันเหมือน/แทนน้ำเปล่า, ดื่มระหว่างทำงานอดิเรกต่างๆ เช่น ดูซีรีส์, ฟังเพลง, ดูบอล","ชงเอง เช่น ผงชา, ใบชา, ถุงชา","ชงเอง เช่น ผงชา, ใบชา, ถุงชา",หอม,ลองถ้าเห็นโฆษณาน่าสนใจ,ซื้อจากร้านสะดวกซื้อ เช่น 7-11,5.0,5.0,5.0,5.0,4.0,3.0,3.0,3.0,3.0,3.0,ชอบทั้งกาแฟและชา
30-39ปี,พนักงานบริษัทเอกชน,ชาย,กรุงเทพมหานคร,LINE,1-2 ครั้ง/อาทิตย์,1-2 ชม./วัน,18.00-21.59น.,"9.00-17.59น., 18.00-21.59น.",ใช้เท่าเดิม,"วิทยุ, บิลบอร์ด/ป้ายโฆษณา, โรงภาพยนตร์, รถเมล์/รถไฟฟ้า",กาแฟสดคั่วบด เช่น ร้านกาแฟสด,กาแฟสดคั่วบด,High Coffee,ดื่มทดแทนเมื่อหาร้านกาแฟสดไม่ได้,4.0,4.0,4.0,3.0,4.0,4.0,3.0,3.0,4.0,4.0,3.0,3.0,ไม่ดื่มชา,ไม่ดื่มชา,ไม่ดื่มชา,ไม่ดื่มชา,ไม่ลอง,ไม่ซื้อชา ready to drink,0.0,0.0,0.0,0.0,0.0,0.0,0.0,0.0,0.0,0.0,ชอบกาแฟ
40-49ปี,ข้าราชการ,หญิง,นนทบุรี,LINE,ทุกวัน,5-6 ชม./วัน,"05.00-8.59น., 18.00-21.59น.","9.00-17.59น., 18.00-21.59น.",ใช้น้อยกว่าปกติ,"โทรทัศน์, วิทยุ, บิลบอร์ด/ป้ายโฆษณา, รถเมล์/รถไฟฟ้า, สื่อ ณ จุดขาย, โซเชียลมีเดีย เช่น Facebook, Instagram, Twitter, TikTok, เว็บไซต์, แอปพลิเคชั่นแชท/ส่งเมสเสจ เช่น LINE, Facebook Messenger, แพลตฟอร์มวิดีโอ เช่น YouTube, VIU",ไม่ดื่มกาแฟประเภทใดเลย,ไม่ดื่มกาแฟ,ไม่ดื่มกาแฟ Ready to Drink เลย,ไม่ดื่มกาแฟ,0.0,0.0,0.0,0.0,0.0,0.0,0.0,0.0,0.0,0.0,0.0,0.0,"ดื่มระหว่างมื้ออาหาร แทนเครื่องดื่มอื่นๆ เช่น ชานม, ดื่มหลังออกกำลังกาย, ดื่มระหว่างทำงานอดิเรกต่างๆ เช่น ดูซีรีส์, ฟังเพลง, ดูบอล, ดื่มระหว่างเดินทาง/ขับรถ","ชาขวดพร้อมดื่ม เช่น Tea P+, Orishi","ชาขวดพร้อมดื่ม เช่น Tea P+, Orishi",สะดวก หาซื้อง่าย ราคาไม่แพง,"ลองเมื่อมีโปรโมชั่น ณ​ จุดขาย, ลองถ้าเห็นโฆษณาน่าสนใจ, ลองถ้ามีสินค้ามาแจก (Product Sampling)","ซื้อจากร้านสะดวกซื้อ เช่น 7-11, ซื้อจากซุปเปอร์มาเก็ต เช่น Tops, ซื้อจากร้านโชว์ห่วย/ร้านชำ",4.0,4.0,3.0,3.0,4.0,4.0,3.0,4.0,4.0,4.0,ชอบชา
30-39ปี,พนักงานบริษัทเอกชน,หญิง,กรุงเทพมหานคร,Facebook,ทุกวัน,มากกว่า 6 ชม./วัน,"05.00-8.59น., 9.00-17.59น., 18.00-21.59น., 22.01-4.59น.","18.00-21.59น., 22.01-4.59น.",ใช้เท่าเดิม,สื่อ ณ จุดขาย,กาแฟสดคั่วบด เช่น ร้านกาแฟสด,กาแฟสดคั่วบด,ไม่ดื่มกาแฟ Ready to drink เลย,ไม่ดื่มกาแฟ Ready to drink เลย,5.0,5.0,4.0,1.0,4.0,3.0,2.0,3.0,2.0,4.0,2.0,4.0,ดื่มให้ตื่นตัวระหว่างทำงานเวลากลางวัน,"ชงเอง เช่น ผงชา, ใบชา, ถุงชา","ชงเอง เช่น ผงชา, ใบชา, ถุงชา",เลือกคุณภาพ/ชนิดของใบชาที่อยากดื่มในช่วงเวลานั้นๆ ได้เอง ควบคุมความเข้มอ่อนและส่วนผสมอื่นๆ ได้เอง,"ลองเมื่อมีโปรโมชั่น ณ​ จุดขาย, ลองถ้ามีสินค้ามาแจก (Product Sampling)","ซื้อจากร้านสะดวกซื้อ เช่น 7-11, ซื้อจากซุปเปอร์มาเก็ต เช่น Tops, ซื้อจากเพจของแบรนด์นั้นๆ, ซื้อจากร้านโชว์ห่วย/ร้านชำ",4.0,5.0,5.0,5.0,4.0,4.0,4.0,3.0,2.0,2.0,ชอบทั้งกาแฟและชา
40-49ปี,พนักงานบริษัทเอกชน,หญิง,นนทบุรี,LINE,1-2 ครั้ง/อาทิตย์,1-2 ชม./วัน,"18.00-21.59น., 22.01-4.59น.",18.00-21.59น.,ใช้มากกว่าปกติ,โทรทัศน์,กาแฟสดคั่วบด เช่น ร้านกาแฟสด,กาแฟสดคั่วบด,ไม่ดื่มกาแฟ Ready to drink เลย,ดื่มให้ตื่นตัวระหว่างทำงานเวลากลางวัน,5.0,4.0,4.0,5.0,4.0,5.0,3.0,3.0,4.0,5.0,5.0,4.0,"ดื่มระหว่างวันเหมือน/แทนน้ำเปล่า, ดื่มระหว่างมื้ออาหาร แทนเครื่องดื่มอื่นๆ เช่น ชานม","ชาขวดพร้อมดื่ม เช่น Tea P+, Orishi",ชาแก้วขายตามร้าน เช่น Kamu,ความหอมของชา,"ลองเมื่อมีโปรโมชั่น ณ​ จุดขาย, ลองถ้าเห็นคนรีวิวเยอะ","ซื้อจากร้านสะดวกซื้อ เช่น 7-11, ซื้อจากซุปเปอร์มาเก็ต เช่น Tops",5.0,4.0,3.0,2.0,3.0,2.0,3.0,4.0,3.0,4.0,ชอบทั้งกาแฟและชา
23-29ปี,พนักงานบริษัทเอกชน,ชาย,กรุงเทพมหานคร,Instagram,ทุกวัน,มากกว่า 6 ชม./วัน,"05.00-8.59น., 9.00-17.59น., 18.00-21.59น., 22.01-4.59น.","05.00-8.59น., 9.00-17.59น., 18.00-21.59น., 22.01-4.59น.",ใช้มากกว่าปกติ,"โซเชียลมีเดีย เช่น Facebook, Instagram, Twitter, TikTok",แคปซูลกาแฟ,กาแฟสดคั่วบด,Newcafe,"ดื่มให้ตื่นตัวระหว่างทำงานเวลากลางวัน, ดื่มให้ไม่ง่วงในคืนอ่านหนังสือสอบ",3.0,3.0,4.0,2.0,4.0,4.0,4.0,4.0,4.0,4.0,4.0,4.0,"ดื่มให้ตื่นตัวในตอนเช้า, ดื่มให้ตื่นตัวระหว่างทำงานเวลากลางวัน, ดื่มให้ไม่ง่วงในวันที่ทำงานดึก, ดื่มให้ไม่ง่วงในคืนอ่านหนังสือสอบ","ชาขวดพร้อมดื่ม เช่น Tea P+, Orishi",ชาแก้วขายตามร้าน เช่น Kamu,กินแล้ว ตื่นตัวยาวนานกว่า,"ลองเมื่อมีโปรโมชั่น ณ​ จุดขาย, ลองถ้าเห็นโฆษณาน่าสนใจ","ซื้อจากร้านสะดวกซื้อ เช่น 7-11, ซื้อจากซุปเปอร์มาเก็ต เช่น Tops",4.0,4.0,5.0,5.0,4.0,4.0,3.0,3.0,3.0,3.0,ชอบทั้งกาแฟและชา
50ปี ขึ้นไป,พนักงานบริษัทเอกชน,หญิง,กรุงเทพมหานคร,LINE,ทุกวัน,3-4 ชม./วัน,18.00-21.59น.,9.00-17.59น.,ใช้เท่าเดิม,สื่อ ณ จุดขาย,กาแฟสดคั่วบด เช่น ร้านกาแฟสด,กาแฟสดคั่วบด,SCC,"ดื่มระหว่างเดินทาง/ขับรถ, ดื่มทดแทนเมื่อหาร้านกาแฟสดไม่ได้",5.0,4.0,5.0,1.0,4.0,3.0,3.0,5.0,5.0,4.0,4.0,4.0,ดื่มระหว่างเดินทาง/ขับรถ,"ชงเอง เช่น ผงชา, ใบชา, ถุงชา","ชงเอง เช่น ผงชา, ใบชา, ถุงชา",ชงเอง ได้ความสด หอม รสชาติดีกว่า,ลองถ้ามีสินค้ามาแจก (Product Sampling),ซื้อจากร้านสะดวกซื้อ เช่น 7-11,5.0,4.0,4.0,3.0,3.0,4.0,4.0,4.0,4.0,4.0,ชอบทั้งกาแฟและชา
40-49ปี,ฟรีแลนซ์/อาชีพอิสระ,หญิง,ชลบุรี,LINE,ทุกวัน,3-4 ชม./วัน,9.00-17.59น.,"9.00-17.59น., 18.00-21.59น.",ใช้เท่าเดิม,"โซเชียลมีเดีย เช่น Facebook, Instagram, Twitter, TikTok",แคปซูลกาแฟ,กาแฟสดคั่วบด,Best,ดื่มให้ตื่นตัวระหว่างทำงานเวลากลางวัน,5.0,3.0,5.0,1.0,5.0,1.0,1.0,1.0,2.0,1.0,4.0,3.0,"ดื่มให้ตื่นตัวระหว่างทำงานเวลากลางวัน, ดื่มระหว่างวันเหมือน/แทนน้ำเปล่า","ชาขวดพร้อมดื่ม เช่น Tea P+, Orishi","ชาขวดพร้อมดื่ม เช่น Tea P+, Orishi",ชอบกลิ่นและเลือกเฉพาะไม่มีน้ำตาลนม,ลองเลย ชอบลองของออกใหม่อยู่แล้ว,ซื้อจากร้านสะดวกซื้อ เช่น 7-11,4.0,2.0,5.0,5.0,1.0,3.0,1.0,4.0,5.0,3.0,ชอบทั้งกาแฟและชา
30-39ปี,พนักงานบริษัทเอกชน,หญิง,นนทบุรี,Facebook,3-4 ครั้ง/อาทิตย์,มากกว่า 6 ชม./วัน,"9.00-17.59น., 18.00-21.59น.","9.00-17.59น., 18.00-21.59น.",ใช้เท่าเดิม,"โซเชียลมีเดีย เช่น Facebook, Instagram, Twitter, TikTok",กาแฟสดคั่วบด เช่น ร้านกาแฟสด,กาแฟสดคั่วบด,Best,"ดื่มให้ไม่ง่วงในวันที่ทำงานดึก, ดื่มระหว่างเดินทาง/ขับรถ",5.0,5.0,5.0,1.0,5.0,3.0,2.0,3.0,3.0,3.0,5.0,5.0,"ดื่มระหว่างทำงานอดิเรกต่างๆ เช่น ดูซีรีส์, ฟังเพลง, ดูบอล, ดื่มระหว่างเดินทาง/ขับรถ","ชาขวดพร้อมดื่ม เช่น Tea P+, Orishi","ชาขวดพร้อมดื่ม เช่น Tea P+, Orishi",ง่าย,"ลองถ้าเห็นคนรีวิวเยอะ, ลองถ้ามีสินค้ามาแจก (Product Sampling)","ซื้อจากร้านสะดวกซื้อ เช่น 7-11, ซื้อจากซุปเปอร์มาเก็ต เช่น Tops, ซื้อจากร้านโชว์ห่วย/ร้านชำ",5.0,4.0,5.0,5.0,5.0,5.0,5.0,5.0,5.0,5.0,ชอบทั้งกาแฟและชา
30-39ปี,พนักงานบริษัทเอกชน,ชาย,กรุงเทพมหานคร,Facebook,ทุกวัน,มากกว่า 6 ชม./วัน,"9.00-17.59น., 18.00-21.59น., 22.01-4.59น.","18.00-21.59น., 22.01-4.59น.",ใช้น้อยกว่าปกติ,"สื่อ ณ จุดขาย, โซเชียลมีเดีย เช่น Facebook, Instagram, Twitter, TikTok",แคปซูลกาแฟ,กาแฟสดคั่วบด,ไม่ดื่มกาแฟ Ready to drink เลย,ไม่ดื่มกาแฟ Ready to drink เลย,5.0,1.0,1.0,2.0,5.0,2.0,4.0,4.0,4.0,4.0,3.0,4.0,"ดื่มระหว่างมื้ออาหาร แทนเครื่องดื่มอื่นๆ เช่น ชานม, ดื่มหลังมื้ออาหารที่เป็นอาหารทอด น้ำมันเยอะๆ","ชงเอง เช่น ผงชา, ใบชา, ถุงชา","ชงเอง เช่น ผงชา, ใบชา, ถุงชา",ชาอื่น ไม่ดีเท่า,"ลองเมื่อมีโปรโมชั่น ณ​ จุดขาย, ลองถ้าเห็นโฆษณาน่าสนใจ, ลองถ้ามีสินค้ามาแจก (Product Sampling)","ซื้อจากร้านสะดวกซื้อ เช่น 7-11, ซื้อจากซุปเปอร์มาเก็ต เช่น Tops",5.0,5.0,5.0,3.0,5.0,5.0,5.0,4.0,4.0,5.0,ชอบทั้งกาแฟและชา
50ปี ขึ้นไป,พนักงานบริษัทเอกชน,หญิง,กรุงเทพมหานคร,LINE,1-2 ครั้ง/อาทิตย์,1-2 ชม./วัน,9.00-17.59น.,22.01-4.59น.,ใช้เท่าเดิม,"โทรทัศน์, สื่อ ณ จุดขาย",กาแฟสดคั่วบด เช่น ร้านกาแฟสด,กาแฟสดคั่วบด,Newcafe,ไม่ดื่มกาแฟ Ready to drink เลย,4.0,3.0,3.0,5.0,4.0,5.0,2.0,4.0,3.0,4.0,4.0,4.0,"ดื่มระหว่างวันเหมือน/แทนน้ำเปล่า, ดื่มหลังมื้ออาหารที่เป็นอาหารทอด น้ำมันเยอะๆ","ชงเอง เช่น ผงชา, ใบชา, ถุงชา","ชงเอง เช่น ผงชา, ใบชา, ถุงชา",ความหอมแบบธรรมชาติ,"ลองเมื่อมีโปรโมชั่น ณ​ จุดขาย, ลองถ้าเห็นโฆษณาน่าสนใจ",ซื้อจากร้านสะดวกซื้อ เช่น 7-11,5.0,3.0,2.0,1.0,4.0,3.0,2.0,4.0,5.0,3.0,ชอบทั้งกาแฟและชา
23-29ปี,ฟรีแลนซ์/อาชีพอิสระ,หญิง,กรุงเทพมหานคร,Instagram,ทุกวัน,มากกว่า 6 ชม./วัน,22.01-4.59น.,"9.00-17.59น., 22.01-4.59น.",ใช้เท่าเดิม,"โซเชียลมีเดีย เช่น Facebook, Instagram, Twitter, TikTok, แพลตฟอร์มวิดีโอ เช่น YouTube, VIU",กาแฟผงสำเร็จรูปพร้อมดื่ม (3-in-1),กาแฟสดคั่วบด,Arabic,"ดื่มให้ตื่นตัวในตอนเช้า, ดื่มให้ตื่นตัวระหว่างทำงานเวลากลางวัน, ดื่มระหว่างเดินทาง/ขับรถ",4.0,4.0,4.0,2.0,4.0,4.0,3.0,5.0,5.0,5.0,5.0,5.0,ไม่ดื่มชา,ไม่ดื่มชา,ไม่ดื่มชา,ไม่ดื่มชา,ไม่ลอง,ไม่ซื้อชา ready to drink,0.0,0.0,0.0,0.0,0.0,0.0,0.0,0.0,0.0,0.0,ชอบกาแฟ
40-49ปี,พนักงานบริษัทเอกชน,หญิง,ฉะเชิงเทรา,LINE,ทุกวัน,5-6 ชม./วัน,9.00-17.59น.,9.00-17.59น.,ใช้มากกว่าปกติ,"โซเชียลมีเดีย เช่น Facebook, Instagram, Twitter, TikTok",กาแฟสดคั่วบด เช่น ร้านกาแฟสด,กาแฟสดคั่วบด,ไม่ดื่มกาแฟ Ready to drink เลย,ดื่มระหว่างเดินทาง/ขับรถ,5.0,5.0,5.0,3.0,5.0,4.0,4.0,5.0,4.0,4.0,4.0,4.0,ดื่มให้ตื่นตัวระหว่างทำงานเวลากลางวัน,ชาแก้วขายตามร้าน เช่น Kamu,ชาแก้วขายตามร้าน เช่น Kamu,หอมกว่า,ลองถ้าเห็นคนรีวิวเยอะ,ซื้อจากซุปเปอร์มาเก็ต เช่น Tops,5.0,4.0,5.0,5.0,4.0,4.0,4.0,4.0,4.0,4.0,ชอบทั้งกาแฟและชา
23-29ปี,ธุรกิจส่วนตัว,หญิง,อุบลราชธานี,YouTube,5-6 ครั้ง/อาทิตย์,5-6 ชม./วัน,18.00-21.59น.,18.00-21.59น.,ใช้เท่าเดิม,เว็บไซต์,แคปซูลกาแฟ,กาแฟสดคั่วบด,ไม่ดื่มกาแฟ Ready to drink เลย,ไม่ดื่มกาแฟ Ready to drink เลย,5.0,5.0,5.0,1.0,4.0,5.0,5.0,5.0,5.0,5.0,2.0,4.0,"ดื่มให้ตื่นตัวระหว่างทำงานเวลากลางวัน, ดื่มให้ไม่ง่วงในวันที่ทำงานดึก","ชงเอง เช่น ผงชา, ใบชา, ถุงชา","ชาขวดพร้อมดื่ม เช่น Tea P+, Orishi",Easy,ลองถ้าเห็นโฆษณาน่าสนใจ,"ซื้อจากร้านสะดวกซื้อ เช่น 7-11, ซื้อจากเพจของแบรนด์นั้นๆ",5.0,5.0,5.0,5.0,5.0,5.0,5.0,5.0,3.0,3.0,ชอบทั้งกาแฟและชา
30-39ปี,ข้าราชการ,หญิง,กรุงเทพมหานคร,Facebook,ทุกวัน,มากกว่า 6 ชม./วัน,"05.00-8.59น., 9.00-17.59น., 18.00-21.59น., 22.01-4.59น.","05.00-8.59น., 9.00-17.59น., 18.00-21.59น., 22.01-4.59น.",ใช้มากกว่าปกติ,"โซเชียลมีเดีย เช่น Facebook, Instagram, Twitter, TikTok",กาแฟสดคั่วบด เช่น ร้านกาแฟสด,กาแฟสดคั่วบด,Best,"ดื่มให้ตื่นตัวในตอนเช้า, ดื่มให้ตื่นตัวระหว่างทำงานเวลากลางวัน, ดื่มให้ไม่ง่วงในวันที่ทำงานดึก, ดื่มระหว่างเดินทาง/ขับรถ",5.0,5.0,3.0,2.0,4.0,5.0,3.0,5.0,4.0,3.0,4.0,3.0,"ดื่มให้ตื่นตัวระหว่างทำงานเวลากลางวัน, ดื่มให้ไม่ง่วงในวันที่ทำงานดึก","ชาขวดพร้อมดื่ม เช่น Tea P+, Orishi",ชาแก้วขายตามร้าน เช่น Kamu,ได้รสชาติชาจริงๆ,"ลองเมื่อมีโปรโมชั่น ณ​ จุดขาย, ลองถ้าเห็นโฆษณาน่าสนใจ, ลองถ้าเห็นคนรีวิวเยอะ","ซื้อจากร้านสะดวกซื้อ เช่น 7-11, ซื้อจากซุปเปอร์มาเก็ต เช่น Tops",4.0,5.0,4.0,4.0,4.0,4.0,4.0,4.0,4.0,4.0,ชอบทั้งกาแฟและชา
30-39ปี,พนักงานบริษัทเอกชน,ชาย,กรุงเทพมหานคร,LINE,5-6 ครั้ง/อาทิตย์,3-4 ชม./วัน,"05.00-8.59น., 18.00-21.59น.",9.00-17.59น.,ใช้น้อยกว่าปกติ,"โซเชียลมีเดีย เช่น Facebook, Instagram, Twitter, TikTok",กาแฟสดคั่วบด เช่น ร้านกาแฟสด,กาแฟสดคั่วบด,Newcafe,ดื่มทดแทนเมื่อหาร้านกาแฟสดไม่ได้,5.0,3.0,4.0,3.0,5.0,5.0,4.0,4.0,4.0,4.0,4.0,4.0,ไม่ดื่มชา,ไม่ดื่มชา,ไม่ดื่มชา,ไม่ดื่มชา,ไม่ลอง,ไม่ซื้อชา ready to drink,0.0,0.0,0.0,0.0,0.0,0.0,0.0,0.0,0.0,0.0,ชอบกาแฟ
18-22ปี,นักเรียน,ชาย,กรุงเทพมหานคร,Instagram,5-6 ครั้ง/อาทิตย์,3-4 ชม./วัน,22.01-4.59น.,22.01-4.59น.,ใช้มากกว่าปกติ,โทรทัศน์,กาแฟสดคั่วบด เช่น ร้านกาแฟสด,กาแฟสดคั่วบด,High Coffee,"ดื่มระหว่างทำงานอดิเรกต่างๆ เช่น ดูซีรีส์, เล่นเกม, ดูบอล",5.0,5.0,5.0,2.0,4.0,4.0,3.0,4.0,5.0,4.0,5.0,4.0,"ดื่มระหว่างทำงานอดิเรกต่างๆ เช่น ดูซีรีส์, ฟังเพลง, ดูบอล, ดื่มให้ไม่ง่วงในคืนอ่านหนังสือสอบ, ดื่มก่อนไปปาร์ตี้กับเพื่อน",ชาแก้วขายตามร้าน เช่น Kamu,ชาแก้วขายตามร้าน เช่น Kamu,อร่อย,ลองเลย ชอบลองของออกใหม่อยู่แล้ว,ซื้อจากร้านสะดวกซื้อ เช่น 7-11,5.0,5.0,3.0,3.0,4.0,4.0,4.0,5.0,4.0,5.0,ชอบทั้งกาแฟและชา
30-39ปี,พนักงานบริษัทเอกชน,ชาย,กรุงเทพมหานคร,Instagram,ทุกวัน,5-6 ชม./วัน,18.00-21.59น.,9.00-17.59น.,ใช้มากกว่าปกติ,"แพลตฟอร์มวิดีโอ เช่น YouTube, VIU",กาแฟสดคั่วบด เช่น ร้านกาแฟสด,กาแฟสดคั่วบด,Newcafe,ดื่มทดแทนเมื่อหาร้านกาแฟสดไม่ได้,4.0,5.0,3.0,3.0,4.0,1.0,1.0,4.0,3.0,1.0,3.0,4.0,ดื่มระหว่างมื้ออาหาร แทนเครื่องดื่มอื่นๆ เช่น ชานม,"ชาขวดพร้อมดื่ม เช่น Tea P+, Orishi","ชาขวดพร้อมดื่ม เช่น Tea P+, Orishi",พร้อมดื่ม สะดวก,ลองถ้าเห็นโฆษณาน่าสนใจ,ซื้อจากร้านสะดวกซื้อ เช่น 7-11,4.0,5.0,2.0,2.0,2.0,2.0,2.0,4.0,4.0,5.0,ชอบทั้งกาแฟและชา
ต่ำกว่า 18ปี,นักเรียน,หญิง,อุบลราชธานี,Instagram,ทุกวัน,3-4 ชม./วัน,"05.00-8.59น., 9.00-17.59น., 18.00-21.59น., 22.01-4.59น.","05.00-8.59น., 9.00-17.59น., 18.00-21.59น., 22.01-4.59น.",ใช้เท่าเดิม,"โซเชียลมีเดีย เช่น Facebook, Instagram, Twitter, TikTok, เว็บไซต์, แอปพลิเคชั่นแชท/ส่งเมสเสจ เช่น LINE, Facebook Messenger, แพลตฟอร์มวิดีโอ เช่น YouTube, VIU, แพลตฟอร์มเพลง เช่น Spotify, Joox",กาแฟสดคั่วบด เช่น ร้านกาแฟสด,กาแฟสดคั่วบด,Best,"ดื่มให้ตื่นตัวในตอนเช้า, ดื่มให้ตื่นตัวระหว่างทำงานเวลากลางวัน",4.0,4.0,4.0,4.0,5.0,4.0,5.0,5.0,5.0,5.0,5.0,5.0,"ดื่มให้ตื่นตัวในตอนเช้า, ดื่มให้ตื่นตัวระหว่างทำงานเวลากลางวัน",ชาแก้วขายตามร้าน เช่น Kamu,ชาแก้วขายตามร้าน เช่น Kamu,-,"ลองเลย ชอบลองของออกใหม่อยู่แล้ว, ลองเมื่อมีโปรโมชั่น ณ​ จุดขาย, ลองถ้าเห็นโฆษณาน่าสนใจ","ซื้อจากร้านสะดวกซื้อ เช่น 7-11, ซื้อจากซุปเปอร์มาเก็ต เช่น Tops, ซื้อจากช่องทางออนไลน์​ เช่น Shopee, ซื้อจากเพจของแบรนด์นั้นๆ, ซื้อจากร้านโชว์ห่วย/ร้านชำ",5.0,5.0,5.0,5.0,5.0,5.0,5.0,5.0,5.0,5.0,ชอบทั้งกาแฟและชา
40-49ปี,ฟรีแลนซ์/อาชีพอิสระ,หญิง,กรุงเทพมหานคร,Facebook,ทุกวัน,มากกว่า 6 ชม./วัน,"9.00-17.59น., 18.00-21.59น., 22.01-4.59น.","9.00-17.59น., 18.00-21.59น., 22.01-4.59น.",ใช้เท่าเดิม,"โซเชียลมีเดีย เช่น Facebook, Instagram, Twitter, TikTok, แอปพลิเคชั่นแชท/ส่งเมสเสจ เช่น LINE, Facebook Messenger",กาแฟสดคั่วบด เช่น ร้านกาแฟสด,กาแฟสดคั่วบด,ไม่ดื่มกาแฟ Ready to drink เลย,ไม่ดื่มกาแฟ Ready to drink เลย,5.0,1.0,1.0,1.0,1.0,5.0,1.0,5.0,1.0,1.0,1.0,1.0,"ดื่มระหว่างมื้ออาหาร แทนเครื่องดื่มอื่นๆ เช่น ชานม, ดื่มระหว่างเดินทาง/ขับรถ",ชาแก้วขายตามร้าน เช่น Kamu,ชาแก้วขายตามร้าน เช่น Kamu,อร่อย,"ลองเมื่อมีโปรโมชั่น ณ​ จุดขาย, ลองถ้าเห็นโฆษณาน่าสนใจ, ลองถ้าเห็นคนรีวิวเยอะ, ลองถ้ามีสินค้ามาแจก (Product Sampling)","ซื้อจากร้านสะดวกซื้อ เช่น 7-11, ซื้อจากซุปเปอร์มาเก็ต เช่น Tops",5.0,5.0,4.0,4.0,3.0,3.0,3.0,5.0,3.0,3.0,ชอบทั้งกาแฟและชา
30-39ปี,ธุรกิจส่วนตัว,ชาย,กรุงเทพมหานคร,LINE,ทุกวัน,5-6 ชม./วัน,18.00-21.59น.,"9.00-17.59น., 18.00-21.59น.",ใช้เท่าเดิม,ไม่มี,กาแฟสดคั่วบด เช่น ร้านกาแฟสด,กาแฟสดคั่วบด,ไม่ดื่มกาแฟ Ready to drink เลย,ไม่ดื่มกาแฟ Ready to drink เลย,5.0,4.0,4.0,1.0,4.0,4.0,4.0,4.0,4.0,4.0,4.0,3.0,"ดื่มระหว่างวันเหมือน/แทนน้ำเปล่า, ดื่มหลังออกกำลังกาย, ดื่มระหว่างเดินทาง/ขับรถ","ชงเอง เช่น ผงชา, ใบชา, ถุงชา","ชงเอง เช่น ผงชา, ใบชา, ถุงชา",หอม อร่อย คุณภาพดี,ไม่ลอง,"ซื้อจากร้านสะดวกซื้อ เช่น 7-11, ซื้อจากซุปเปอร์มาเก็ต เช่น Tops, ซื้อจากร้านโชว์ห่วย/ร้านชำ",4.0,3.0,1.0,2.0,2.0,3.0,3.0,5.0,3.0,4.0,ชอบทั้งกาแฟและชา
23-29ปี,พนักงานบริษัทเอกชน,หญิง,สมุทรปราการ,LINE,ทุกวัน,มากกว่า 6 ชม./วัน,"05.00-8.59น., 9.00-17.59น., 18.00-21.59น., 22.01-4.59น.","18.00-21.59น., 22.01-4.59น.",ใช้มากกว่าปกติ,"รถเมล์/รถไฟฟ้า, โซเชียลมีเดีย เช่น Facebook, Instagram, Twitter, TikTok, แพลตฟอร์มวิดีโอ เช่น YouTube, VIU",กาแฟสดคั่วบด เช่น ร้านกาแฟสด,กาแฟสดคั่วบด,Arabic,ดื่มให้ตื่นตัวในตอนเช้า,5.0,5.0,5.0,1.0,5.0,5.0,2.0,5.0,5.0,5.0,4.0,4.0,"ดื่มให้ตื่นตัวระหว่างทำงานเวลากลางวัน, ดื่มระหว่างวันเหมือน/แทนน้ำเปล่า, ดื่มระหว่างมื้ออาหาร แทนเครื่องดื่มอื่นๆ เช่น ชานม, ดื่มหลังมื้ออาหารที่เป็นอาหารทอด น้ำมันเยอะๆ, ดื่มระหว่างทำงานอดิเรกต่างๆ เช่น ดูซีรีส์, ฟังเพลง, ดูบอล","ชาขวดพร้อมดื่ม เช่น Tea P+, Orishi","ชงเอง เช่น ผงชา, ใบชา, ถุงชา",หอมกะความเข้มได้เอง,ลองเลย ชอบลองของออกใหม่อยู่แล้ว,"ซื้อจากร้านสะดวกซื้อ เช่น 7-11, ซื้อจากซุปเปอร์มาเก็ต เช่น Tops, ซื้อจากร้านโชว์ห่วย/ร้านชำ",5.0,5.0,5.0,5.0,4.0,4.0,5.0,5.0,4.0,4.0,ชอบทั้งกาแฟและชา
ต่ำกว่า 18ปี,นักเรียน,ชาย,ลพบุรี,Twitter,5-6 ครั้ง/อาทิตย์,1-2 ชม./วัน,18.00-21.59น.,"05.00-8.59น., 18.00-21.59น., 22.01-4.59น.",ใช้เท่าเดิม,"โซเชียลมีเดีย เช่น Facebook, Instagram, Twitter, TikTok, เว็บไซต์",กาแฟสดคั่วบด เช่น ร้านกาแฟสด,กาแฟสดคั่วบด,Binary,"ดื่มให้ตื่นตัวระหว่างทำงานเวลากลางวัน, ดื่มระหว่างทำงานอดิเรกต่างๆ เช่น ดูซีรีส์, เล่นเกม, ดูบอล",5.0,4.0,5.0,3.0,5.0,4.0,3.0,5.0,4.0,3.0,3.0,2.0,ไม่ดื่มชา,ไม่ดื่มชา,ไม่ดื่มชา,ไม่ดื่มชา,ไม่ลอง,ไม่ซื้อชา ready to drink,0.0,0.0,0.0,0.0,0.0,0.0,0.0,0.0,0.0,0.0,ชอบกาแฟ
ต่ำกว่า 18ปี,นักเรียน,ชาย,กรุงเทพมหานคร,Instagram,ทุกวัน,3-4 ชม./วัน,"9.00-17.59น., 18.00-21.59น.","9.00-17.59น., 18.00-21.59น.",ใช้เท่าเดิม,สื่อ ณ จุดขาย,กาแฟสดคั่วบด เช่น ร้านกาแฟสด,กาแฟสดคั่วบด,ไม่ดื่มกาแฟ Ready to drink เลย,ดื่มทดแทนเมื่อหาร้านกาแฟสดไม่ได้,5.0,5.0,1.0,2.0,5.0,3.0,1.0,1.0,1.0,1.0,1.0,5.0,"ดื่มระหว่างวันเหมือน/แทนน้ำเปล่า, ดื่มระหว่างมื้ออาหาร แทนเครื่องดื่มอื่นๆ เช่น ชานม, ดื่มระหว่างทำงานอดิเรกต่างๆ เช่น ดูซีรีส์, ฟังเพลง, ดูบอล, ก็ดื่มได้ตลอดไม่ได้ขึ้นอยู่กับทำอะไรถ้ามีขายก็ซื้อดื่ม",ชาตามร้อนตามร้าน,ชาร้อนตามร้าน,ชาที่เป็นใบชาประเภทไม่แต่งกลิ่อย่างเช่น earl gray,ไม่ลอง,"ซื้อจากร้านสะดวกซื้อ เช่น 7-11, ซื้อจากซุปเปอร์มาเก็ต เช่น Tops",5.0,3.0,5.0,3.0,3.0,3.0,3.0,3.0,3.0,5.0,ชอบทั้งกาแฟและชา
ต่ำกว่า 18ปี,นักเรียน,หญิง,ชลบุรี,TikTok,ทุกวัน,มากกว่า 6 ชม./วัน,"18.00-21.59น., 22.01-4.59น.","9.00-17.59น., 18.00-21.59น., 22.01-4.59น.",ใช้มากกว่าปกติ,"โซเชียลมีเดีย เช่น Facebook, Instagram, Twitter, TikTok, แพลตฟอร์มวิดีโอ เช่น YouTube, VIU",ไม่ดื่มกาแฟประเภทใดเลย,ไม่ดื่มกาแฟ,ไม่ดื่มกาแฟ Ready to Drink เลย,ไม่ดื่มกาแฟ,0.0,0.0,0.0,0.0,0.0,0.0,0.0,0.0,0.0,0.0,0.0,0.0,"ดื่มให้ตื่นตัวในตอนเช้า, ดื่มให้ตื่นตัวระหว่างทำงานเวลากลางวัน, ดื่มระหว่างวันเหมือน/แทนน้ำเปล่า, ดื่มระหว่างมื้ออาหาร แทนเครื่องดื่มอื่นๆ เช่น ชานม, ดื่มหลังมื้ออาหารที่เป็นอาหารทอด น้ำมันเยอะๆ, ดื่มก่อนออกกำลังกาย, ดื่มหลังออกกำลังกาย, ดื่มระหว่างทำงานอดิเรกต่างๆ เช่น ดูซีรีส์, ฟังเพลง, ดูบอล, ดื่มให้ไม่ง่วงในคืนอ่านหนังสือสอบ",ชาแก้วขายตามร้าน เช่น Kamu,ชาแก้วขายตามร้าน เช่น Kamu,สะดวก,ลองเลย ชอบลองของออกใหม่อยู่แล้ว,"ซื้อจากร้านสะดวกซื้อ เช่น 7-11, ซื้อจากซุปเปอร์มาเก็ต เช่น Tops, ซื้อจากช่องทางออนไลน์​ เช่น Shopee, ซื้อจากเพจของแบรนด์นั้นๆ, ซื้อจากร้านโชว์ห่วย/ร้านชำ",5.0,5.0,4.0,5.0,3.0,3.0,3.0,5.0,5.0,5.0,ชอบชา
18-22ปี,ไลฟ์สด,หญิง,นครศรีธรรมราช,Instagram,ทุกวัน,มากกว่า 6 ชม./วัน,05.00-8.59น.,05.00-8.59น.,ใช้มากกว่าปกติ,"โซเชียลมีเดีย เช่น Facebook, Instagram, Twitter, TikTok",กาแฟผงสำเร็จรูปพร้อมดื่ม (3-in-1),กาแฟผงสำเร็จรูปพร้อมดื่ม (3-in-1),Newcafe,"ดื่มระหว่างทำงานอดิเรกต่างๆ เช่น ดูซีรีส์, เล่นเกม, ดูบอล",4.0,4.0,4.0,1.0,5.0,4.0,3.0,5.0,4.0,3.0,3.0,4.0,ไม่ดื่มชา,ไม่ดื่มชา,ไม่ดื่มชา,ไม่ดื่มชา,ไม่ลอง,ไม่ซื้อชา ready to drink,0.0,0.0,0.0,0.0,0.0,0.0,0.0,0.0,0.0,0.0,ชอบกาแฟ
40-49ปี,พนักงานบริษัทเอกชน,หญิง,กรุงเทพมหานคร,LINE,ทุกวัน,มากกว่า 6 ชม./วัน,"05.00-8.59น., 9.00-17.59น., 18.00-21.59น., 22.01-4.59น.","05.00-8.59น., 9.00-17.59น., 18.00-21.59น., 22.01-4.59น.",ใช้น้อยกว่าปกติ,สื่อ ณ จุดขาย,กาแฟสดคั่วบด เช่น ร้านกาแฟสด,กาแฟสดคั่วบด,Newcafe,ดื่มระหว่างเดินทาง/ขับรถ,4.0,4.0,4.0,3.0,5.0,4.0,3.0,5.0,5.0,2.0,5.0,5.0,"ดื่มระหว่างวันเหมือน/แทนน้ำเปล่า, ดื่มระหว่างเดินทาง/ขับรถ","ชาขวดพร้อมดื่ม เช่น Tea P+, Orishi",ชาแก้วขายตามร้าน เช่น Kamu,ชอบที่มีนำ้แข็ง และรู้สึกสดใหม่,ลองถ้ามีสินค้ามาแจก (Product Sampling),"ซื้อจากร้านสะดวกซื้อ เช่น 7-11, ซื้อจากซุปเปอร์มาเก็ต เช่น Tops, ซื้อจากร้านโชว์ห่วย/ร้านชำ",5.0,4.0,1.0,1.0,3.0,4.0,5.0,4.0,5.0,4.0,ชอบทั้งกาแฟและชา
23-29ปี,พนักงานบริษัทเอกชน,หญิง,สมุทรปราการ,Facebook,ทุกวัน,5-6 ชม./วัน,18.00-21.59น.,9.00-17.59น.,ใช้น้อยกว่าปกติ,"โซเชียลมีเดีย เช่น Facebook, Instagram, Twitter, TikTok, แอปพลิเคชั่นแชท/ส่งเมสเสจ เช่น LINE, Facebook Messenger",กาแฟผงสำเร็จรูป,กาแฟผงสำเร็จรูป,Newcafe,ดื่มให้ตื่นตัวในตอนเช้า,3.0,3.0,4.0,3.0,4.0,3.0,3.0,4.0,4.0,4.0,4.0,4.0,ไม่ดื่มชา,ไม่ดื่มชา,ไม่ดื่มชา,ไม่ดื่มชา,ไม่ลอง,ไม่ซื้อชา ready to drink,0.0,0.0,0.0,0.0,0.0,0.0,0.0,0.0,0.0,0.0,ชอบกาแฟ
30-39ปี,พนักงานบริษัทเอกชน,ชาย,กรุงเทพมหานคร,Facebook,ทุกวัน,5-6 ชม./วัน,"9.00-17.59น., 18.00-21.59น., 22.01-4.59น.","9.00-17.59น., 18.00-21.59น., 22.01-4.59น.",ใช้มากกว่าปกติ,"โซเชียลมีเดีย เช่น Facebook, Instagram, Twitter, TikTok, เว็บไซต์, แอปพลิเคชั่นแชท/ส่งเมสเสจ เช่น LINE, Facebook Messenger, แพลตฟอร์มวิดีโอ เช่น YouTube, VIU",กาแฟสดคั่วบด เช่น ร้านกาแฟสด,กาแฟสดคั่วบด,Binary,ดื่มทดแทนเมื่อหาร้านกาแฟสดไม่ได้,4.0,4.0,3.0,2.0,3.0,4.0,3.0,4.0,3.0,3.0,4.0,3.0,ไม่ดื่มชา,ไม่ดื่มชา,ไม่ดื่มชา,ไม่ดื่มชา,ไม่ลอง,ไม่ซื้อชา ready to drink,0.0,0.0,0.0,0.0,0.0,0.0,0.0,0.0,0.0,0.0,ชอบกาแฟ
ต่ำกว่า 18ปี,นักเรียน,หญิง,กรุงเทพมหานคร,Instagram,ทุกวัน,มากกว่า 6 ชม./วัน,"05.00-8.59น., 9.00-17.59น., 18.00-21.59น., 22.01-4.59น.","05.00-8.59น., 9.00-17.59น., 18.00-21.59น., 22.01-4.59น.",ใช้มากกว่าปกติ,"บิลบอร์ด/ป้ายโฆษณา, โซเชียลมีเดีย เช่น Facebook, Instagram, Twitter, TikTok, แพลตฟอร์มวิดีโอ เช่น YouTube, VIU",กาแฟพร้อมดื่ม (Ready to drink),กาแฟพร้อมดื่ม (Ready to drink),Newcafe,"ดื่มให้ตื่นตัวระหว่างทำงานเวลากลางวัน, ดื่มให้ไม่ง่วงในวันที่ทำงานดึก, ดื่มให้ไม่ง่วงในคืนอ่านหนังสือสอบ",3.0,3.0,5.0,1.0,4.0,5.0,1.0,5.0,5.0,3.0,3.0,3.0,ไม่ดื่มชา,ไม่ดื่มชา,ไม่ดื่มชา,ไม่ดื่มชา,ไม่ลอง,ไม่ซื้อชา ready to drink,0.0,0.0,0.0,0.0,0.0,0.0,0.0,0.0,0.0,0.0,ชอบกาแฟ
30-39ปี,พนักงานบริษัทเอกชน,หญิง,กรุงเทพมหานคร,Instagram,ทุกวัน,5-6 ชม./วัน,"9.00-17.59น., 18.00-21.59น., 22.01-4.59น.","9.00-17.59น., 18.00-21.59น., 22.01-4.59น.",ใช้น้อยกว่าปกติ,"โซเชียลมีเดีย เช่น Facebook, Instagram, Twitter, TikTok",ไม่ดื่มกาแฟประเภทใดเลย,ไม่ดื่มกาแฟ,ไม่ดื่มกาแฟ Ready to Drink เลย,ไม่ดื่มกาแฟ,0.0,0.0,0.0,0.0,0.0,0.0,0.0,0.0,0.0,0.0,0.0,0.0,"ดื่มให้ตื่นตัวระหว่างทำงานเวลากลางวัน, ดื่มระหว่างทำงานอดิเรกต่างๆ เช่น ดูซีรีส์, ฟังเพลง, ดูบอล",ชาแก้วขายตามร้าน เช่น Kamu,ชาแก้วขายตามร้าน เช่น Kamu,อร่อย,"ลองเมื่อมีโปรโมชั่น ณ​ จุดขาย, ลองถ้าเห็นคนรีวิวเยอะ, ลองถ้ามีสินค้ามาแจก (Product Sampling)",ซื้อจากร้านสะดวกซื้อ เช่น 7-11,4.0,5.0,3.0,3.0,3.0,2.0,3.0,5.0,5.0,5.0,ชอบชา
40-49ปี,พนักงานบริษัทเอกชน,ชาย,กรุงเทพมหานคร,LINE,ทุกวัน,5-6 ชม./วัน,"05.00-8.59น., 9.00-17.59น., 18.00-21.59น., 22.01-4.59น.","9.00-17.59น., 18.00-21.59น., 22.01-4.59น.",ใช้น้อยกว่าปกติ,"โทรทัศน์, บิลบอร์ด/ป้ายโฆษณา, สื่อ ณ จุดขาย, แพลตฟอร์มวิดีโอ เช่น YouTube, VIU, Shopping Platform เช่น Shopee",กาแฟสดคั่วบด เช่น ร้านกาแฟสด,กาแฟสดคั่วบด,ไม่ดื่มกาแฟ Ready to drink เลย,"ไม่ดื่มกาแฟ Ready to drink เลย, เมื่อมีมาแจกให้ทดลองดื่ม",4.0,2.0,4.0,3.0,5.0,4.0,5.0,5.0,3.0,4.0,5.0,5.0,"ดื่มระหว่างมื้ออาหาร แทนเครื่องดื่มอื่นๆ เช่น ชานม, ดื่มหลังมื้ออาหารที่เป็นอาหารทอด น้ำมันเยอะๆ","ชงเอง เช่น ผงชา, ใบชา, ถุงชา","ชงเอง เช่น ผงชา, ใบชา, ถุงชา",ได้ดื่มชาแท้จากใบชา,"ลองเมื่อมีโปรโมชั่น ณ​ จุดขาย, ลองถ้าเห็นโฆษณาน่าสนใจ, ลองถ้ามีสินค้ามาแจก (Product Sampling)","ซื้อจากร้านสะดวกซื้อ เช่น 7-11, ซื้อจากซุปเปอร์มาเก็ต เช่น Tops, ซื้อจากร้านโชว์ห่วย/ร้านชำ",5.0,5.0,5.0,3.0,5.0,5.0,5.0,4.0,4.0,5.0,ชอบทั้งกาแฟและชา
30-39ปี,พนักงานรัฐวิสาหกิจ,หญิง,กรุงเทพมหานคร,Instagram,3-4 ครั้ง/อาทิตย์,3-4 ชม./วัน,05.00-8.59น.,9.00-17.59น.,ใช้เท่าเดิม,"แอปพลิเคชั่นแชท/ส่งเมสเสจ เช่น LINE, Facebook Messenger",ไม่ดื่มกาแฟประเภทใดเลย,ไม่ดื่มกาแฟ,ไม่ดื่มกาแฟ Ready to Drink เลย,ไม่ดื่มกาแฟ,0.0,0.0,0.0,0.0,0.0,0.0,0.0,0.0,0.0,0.0,0.0,0.0,"ดื่มระหว่างวันเหมือน/แทนน้ำเปล่า, ดื่มระหว่างมื้ออาหาร แทนเครื่องดื่มอื่นๆ เช่น ชานม","ชาขวดพร้อมดื่ม เช่น Tea P+, Orishi","ชาขวดพร้อมดื่ม เช่น Tea P+, Orishi",ง่าย สะดวก,ลองถ้าเห็นคนรีวิวเยอะ,"ซื้อจากร้านสะดวกซื้อ เช่น 7-11, ซื้อจากซุปเปอร์มาเก็ต เช่น Tops",4.0,5.0,3.0,3.0,4.0,3.0,3.0,4.0,3.0,3.0,ชอบชา
30-39ปี,ฟรีแลนซ์/อาชีพอิสระ,ชาย,เชียงใหม่,Facebook,ทุกวัน,3-4 ชม./วัน,"05.00-8.59น., 9.00-17.59น., 18.00-21.59น., 22.01-4.59น.","05.00-8.59น., 9.00-17.59น., 18.00-21.59น., 22.01-4.59น.",ใช้มากกว่าปกติ,"โทรทัศน์, วิทยุ, บิลบอร์ด/ป้ายโฆษณา, โรงภาพยนตร์, รถเมล์/รถไฟฟ้า, สื่อ ณ จุดขาย, หนังสือพิมพ์/นิตยสาร, โซเชียลมีเดีย เช่น Facebook, Instagram, Twitter, TikTok, แอปพลิเคชั่นแชท/ส่งเมสเสจ เช่น LINE, Facebook Messenger",ไม่ดื่มกาแฟประเภทใดเลย,ไม่ดื่มกาแฟ,ไม่ดื่มกาแฟ Ready to Drink เลย,ไม่ดื่มกาแฟ,0.0,0.0,0.0,0.0,0.0,0.0,0.0,0.0,0.0,0.0,0.0,0.0,"ดื่มให้ตื่นตัวในตอนเช้า, ดื่มระหว่างเดินทาง/ขับรถ, ดื่มให้ไม่ง่วงในวันที่ทำงานดึก",ชาแก้วขายตามร้าน เช่น Kamu,ชาแก้วขายตามร้าน เช่น Kamu,สะดวก อร่อย,"ลองเลย ชอบลองของออกใหม่อยู่แล้ว, ลองเมื่อมีโปรโมชั่น ณ​ จุดขาย, ลองถ้ามีสินค้ามาแจก (Product Sampling)","ซื้อจากร้านสะดวกซื้อ เช่น 7-11, ซื้อจากซุปเปอร์มาเก็ต เช่น Tops, ซื้อจากร้านโชว์ห่วย/ร้านชำ",5.0,5.0,5.0,5.0,5.0,3.0,3.0,5.0,4.0,4.0,ชอบชา
30-39ปี,พนักงานบริษัทเอกชน,หญิง,กรุงเทพมหานคร,Facebook,ทุกวัน,มากกว่า 6 ชม./วัน,9.00-17.59น.,9.00-17.59น.,ใช้เท่าเดิม,เว็บไซต์,กาแฟสดคั่วบด เช่น ร้านกาแฟสด,กาแฟผงสำเร็จรูป,Best,"ดื่มให้ตื่นตัวในตอนเช้า, ดื่มระหว่างทำงานอดิเรกต่างๆ เช่น ดูซีรีส์, เล่นเกม, ดูบอล, ดื่มทดแทนเมื่อหาร้านกาแฟสดไม่ได้",3.0,4.0,4.0,1.0,4.0,4.0,4.0,4.0,1.0,4.0,3.0,3.0,"ดื่มระหว่างมื้ออาหาร แทนเครื่องดื่มอื่นๆ เช่น ชานม, ดื่มหลังมื้ออาหารที่เป็นอาหารทอด น้ำมันเยอะๆ, ดื่มหลังออกกำลังกาย, ดื่มระหว่างเดินทาง/ขับรถ","ชงเอง เช่น ผงชา, ใบชา, ถุงชา","ชงเอง เช่น ผงชา, ใบชา, ถุงชา",ชุ่มคอ,ลองเลย ชอบลองของออกใหม่อยู่แล้ว,"ซื้อจากร้านสะดวกซื้อ เช่น 7-11, ซื้อจากซุปเปอร์มาเก็ต เช่น Tops",4.0,3.0,5.0,5.0,5.0,3.0,4.0,3.0,3.0,3.0,ชอบทั้งกาแฟและชา
23-29ปี,นักศึกษา,หญิง,กรุงเทพมหานคร,TikTok,ทุกวัน,มากกว่า 6 ชม./วัน,"9.00-17.59น., 18.00-21.59น.","9.00-17.59น., 18.00-21.59น., 22.01-4.59น.",ใช้เท่าเดิม,"โทรทัศน์, บิลบอร์ด/ป้ายโฆษณา, รถเมล์/รถไฟฟ้า, โซเชียลมีเดีย เช่น Facebook, Instagram, Twitter, TikTok, แอปพลิเคชั่นแชท/ส่งเมสเสจ เช่น LINE, Facebook Messenger, แพลตฟอร์มวิดีโอ เช่น YouTube, VIU",ไม่ดื่มกาแฟประเภทใดเลย,ไม่ดื่มกาแฟ,ไม่ดื่มกาแฟ Ready to Drink เลย,ไม่ดื่มกาแฟ,0.0,0.0,0.0,0.0,0.0,0.0,0.0,0.0,0.0,0.0,0.0,0.0,"ดื่มระหว่างทำงานอดิเรกต่างๆ เช่น ดูซีรีส์, ฟังเพลง, ดูบอล",ชาแก้วขายตามร้าน เช่น Kamu,ชาแก้วขายตามร้าน เช่น Kamu,เมื่อดื่มแล้ว ทำให้รู้สึกสดชื่นและ อร่อย,ลองเมื่อมีโปรโมชั่น ณ​ จุดขาย,"ซื้อจากร้านสะดวกซื้อ เช่น 7-11, ซื้อจากซุปเปอร์มาเก็ต เช่น Tops",5.0,4.0,2.0,2.0,5.0,5.0,5.0,5.0,5.0,5.0,ชอบชา
23-29ปี,นักศึกษา,หญิง,กรุงเทพมหานคร,Instagram,ทุกวัน,3-4 ชม./วัน,"18.00-21.59น., 22.01-4.59น.","9.00-17.59น., 18.00-21.59น., 22.01-4.59น.",ใช้มากกว่าปกติ,สื่อ ณ จุดขาย,กาแฟสดคั่วบด เช่น ร้านกาแฟสด,กาแฟสดคั่วบด,Arabic,"ดื่มให้ตื่นตัวระหว่างทำงานเวลากลางวัน, ดื่มให้ไม่ง่วงในวันที่ทำงานดึก, ดื่มระหว่างเดินทาง/ขับรถ, ดื่มระหว่างมื้ออาหาร แทนเครื่องดื่มอื่นๆ เช่น ชานม, ดื่มให้ไม่ง่วงในคืนอ่านหนังสือสอบ",3.0,4.0,5.0,2.0,3.0,4.0,3.0,5.0,5.0,3.0,3.0,3.0,"ดื่มให้ตื่นตัวระหว่างทำงานเวลากลางวัน, ดื่มระหว่างวันเหมือน/แทนน้ำเปล่า, ดื่มระหว่างมื้ออาหาร แทนเครื่องดื่มอื่นๆ เช่น ชานม, ดื่มระหว่างทำงานอดิเรกต่างๆ เช่น ดูซีรีส์, ฟังเพลง, ดูบอล",ชาแก้วขายตามร้าน เช่น Kamu,ชาแก้วขายตามร้าน เช่น Kamu,อร่อย สะดวก,ลองเมื่อมีโปรโมชั่น ณ​ จุดขาย,"ซื้อจากร้านสะดวกซื้อ เช่น 7-11, ซื้อจากซุปเปอร์มาเก็ต เช่น Tops, ซื้อจากร้านโชว์ห่วย/ร้านชำ",4.0,4.0,4.0,3.0,3.0,2.0,2.0,4.0,2.0,1.0,ชอบทั้งกาแฟและชา
18-22ปี,นักเรียน,ไม่ระบุ,กรุงเทพมหานคร,Instagram,ทุกวัน,มากกว่า 6 ชม./วัน,"05.00-8.59น., 9.00-17.59น., 18.00-21.59น., 22.01-4.59น.","05.00-8.59น., 9.00-17.59น., 18.00-21.59น., 22.01-4.59น.",ใช้มากกว่าปกติ,"โซเชียลมีเดีย เช่น Facebook, Instagram, Twitter, TikTok, แพลตฟอร์มวิดีโอ เช่น YouTube, VIU",กาแฟสดคั่วบด เช่น ร้านกาแฟสด,กาแฟสดคั่วบด,Newcafe,ดื่มให้ตื่นตัวระหว่างทำงานเวลากลางวัน,5.0,5.0,5.0,3.0,5.0,4.0,4.0,3.0,3.0,3.0,3.0,3.0,"ดื่มระหว่างทำงานอดิเรกต่างๆ เช่น ดูซีรีส์, ฟังเพลง, ดูบอล","ชาขวดพร้อมดื่ม เช่น Tea P+, Orishi",ชาแก้วขายตามร้าน เช่น Kamu,เพราะว่าทำสดรสชาติและกลิ่นจะชัดกว่า ละมุนกว่า,"ลองเมื่อมีโปรโมชั่น ณ​ จุดขาย, ลองถ้าเห็นคนรีวิวเยอะ",ซื้อจากร้านสะดวกซื้อ เช่น 7-11,5.0,5.0,3.0,2.0,3.0,3.0,4.0,3.0,3.0,3.0,ชอบทั้งกาแฟและชา
40-49ปี,พนักงานบริษัทเอกชน,หญิง,นนทบุรี,LINE,ทุกวัน,3-4 ชม./วัน,"9.00-17.59น., 18.00-21.59น., 22.01-4.59น.","9.00-17.59น., 18.00-21.59น., 22.01-4.59น.",ใช้มากกว่าปกติ,"สื่อ ณ จุดขาย, โซเชียลมีเดีย เช่น Facebook, Instagram, Twitter, TikTok, แอปพลิเคชั่นแชท/ส่งเมสเสจ เช่น LINE, Facebook Messenger",กาแฟสดคั่วบด เช่น ร้านกาแฟสด,กาแฟสดคั่วบด,Best,"ดื่มให้ตื่นตัวในตอนเช้า, ดื่มระหว่างเดินทาง/ขับรถ, ดื่มทดแทนเมื่อหาร้านกาแฟสดไม่ได้",4.0,4.0,3.0,3.0,4.0,4.0,4.0,4.0,4.0,4.0,4.0,4.0,"ดื่มระหว่างวันเหมือน/แทนน้ำเปล่า, ดื่มระหว่างมื้ออาหาร แทนเครื่องดื่มอื่นๆ เช่น ชานม, ดื่มหลังมื้ออาหารที่เป็นอาหารทอด น้ำมันเยอะๆ, ดื่มระหว่างเดินทาง/ขับรถ","ชาขวดพร้อมดื่ม เช่น Tea P+, Orishi","ชาขวดพร้อมดื่ม เช่น Tea P+, Orishi",สะดวก หาซื้อง่าย,"ลองเลย ชอบลองของออกใหม่อยู่แล้ว, ลองเมื่อมีโปรโมชั่น ณ​ จุดขาย, ลองถ้ามีสินค้ามาแจก (Product Sampling)","ซื้อจากร้านสะดวกซื้อ เช่น 7-11, ซื้อจากซุปเปอร์มาเก็ต เช่น Tops",4.0,5.0,5.0,4.0,4.0,3.0,4.0,4.0,4.0,4.0,ชอบทั้งกาแฟและชา
40-49ปี,พนักงานบริษัทเอกชน,หญิง,กรุงเทพมหานคร,Facebook,ทุกวัน,3-4 ชม./วัน,"9.00-17.59น., 18.00-21.59น.","9.00-17.59น., 18.00-21.59น., 22.01-4.59น.",ใช้น้อยกว่าปกติ,"โทรทัศน์, บิลบอร์ด/ป้ายโฆษณา, โซเชียลมีเดีย เช่น Facebook, Instagram, Twitter, TikTok, แพลตฟอร์มวิดีโอ เช่น YouTube, VIU",กาแฟผงสำเร็จรูป,กาแฟผงสำเร็จรูป,SCC,ดื่มระหว่างเดินทาง/ขับรถ,5.0,4.0,4.0,5.0,5.0,4.0,3.0,4.0,3.0,3.0,4.0,4.0,ดื่มระหว่างเดินทาง/ขับรถ,"ชงเอง เช่น ผงชา, ใบชา, ถุงชา","ชงเอง เช่น ผงชา, ใบชา, ถุงชา",ชอบชาร้อนใส่นมแบบอังกฤษ,"ลองเมื่อมีโปรโมชั่น ณ​ จุดขาย, ลองถ้าเห็นโฆษณาน่าสนใจ",ซื้อจากร้านสะดวกซื้อ เช่น 7-11,4.0,3.0,5.0,4.0,4.0,3.0,3.0,5.0,4.0,4.0,ชอบทั้งกาแฟและชา
23-29ปี,พนักงานบริษัทเอกชน,หญิง,กรุงเทพมหานคร,LINE,ทุกวัน,3-4 ชม./วัน,"9.00-17.59น., 18.00-21.59น.","9.00-17.59น., 18.00-21.59น.",ใช้เท่าเดิม,"บิลบอร์ด/ป้ายโฆษณา, รถเมล์/รถไฟฟ้า, แพลตฟอร์มวิดีโอ เช่น YouTube, VIU",กาแฟสดคั่วบด เช่น ร้านกาแฟสด,กาแฟสดคั่วบด,ไม่ดื่มกาแฟ Ready to drink เลย,ไม่ดื่มกาแฟ Ready to drink เลย,5.0,5.0,5.0,5.0,5.0,5.0,5.0,5.0,5.0,5.0,5.0,5.0,ไม่ดื่มชา,ไม่ดื่มชา,ไม่ดื่มชา,ไม่ดื่มชา,ไม่ลอง,ไม่ซื้อชา ready to drink,0.0,0.0,0.0,0.0,0.0,0.0,0.0,0.0,0.0,0.0,ชอบกาแฟ
30-39ปี,ข้าราชการ,ชาย,กรุงเทพมหานคร,Facebook,ทุกวัน,มากกว่า 6 ชม./วัน,18.00-21.59น.,9.00-17.59น.,ใช้เท่าเดิม,"โซเชียลมีเดีย เช่น Facebook, Instagram, Twitter, TikTok, เว็บไซต์, แอปพลิเคชั่นแชท/ส่งเมสเสจ เช่น LINE, Facebook Messenger",กาแฟสดคั่วบด เช่น ร้านกาแฟสด,กาแฟสดคั่วบด,High Coffee,"ดื่มให้ตื่นตัวในตอนเช้า, ดื่มให้ตื่นตัวระหว่างทำงานเวลากลางวัน, ดื่มระหว่างเดินทาง/ขับรถ",4.0,4.0,4.0,4.0,4.0,4.0,4.0,4.0,4.0,4.0,4.0,4.0,"ดื่มให้ตื่นตัวในตอนเช้า, ดื่มให้ตื่นตัวระหว่างทำงานเวลากลางวัน, ดื่มระหว่างวันเหมือน/แทนน้ำเปล่า, ดื่มระหว่างมื้ออาหาร แทนเครื่องดื่มอื่นๆ เช่น ชานม, ดื่มหลังมื้ออาหารที่เป็นอาหารทอด น้ำมันเยอะๆ, ดื่มหลังออกกำลังกาย, ดื่มระหว่างทำงานอดิเรกต่างๆ เช่น ดูซีรีส์, ฟังเพลง, ดูบอล, ดื่มระหว่างเดินทาง/ขับรถ",ชาแก้วขายตามร้าน เช่น Kamu,ชาแก้วขายตามร้าน เช่น Kamu,ความสดใหม่,"ลองเลย ชอบลองของออกใหม่อยู่แล้ว, ลองเมื่อมีโปรโมชั่น ณ​ จุดขาย, ลองถ้าเห็นโฆษณาน่าสนใจ, ลองถ้าเห็นคนรีวิวเยอะ, ลองถ้ามีสินค้ามาแจก (Product Sampling)","ซื้อจากร้านสะดวกซื้อ เช่น 7-11, ซื้อจากซุปเปอร์มาเก็ต เช่น Tops, ซื้อจากช่องทางออนไลน์​ เช่น Shopee, ซื้อจากเพจของแบรนด์นั้นๆ, ซื้อจากร้านโชว์ห่วย/ร้านชำ",4.0,4.0,4.0,4.0,4.0,4.0,4.0,4.0,4.0,4.0,ชอบทั้งกาแฟและชา
30-39ปี,พนักงานบริษัทเอกชน,หญิง,เชียงใหม่,LINE,ทุกวัน,3-4 ชม./วัน,18.00-21.59น.,18.00-21.59น.,ใช้มากกว่าปกติ,"สื่อ ณ จุดขาย, ช่องทางใดก็ได้ แต่มาจากคนรีวิวหรือ influencer",ไม่ดื่มกาแฟประเภทใดเลย,ไม่ดื่มกาแฟ,ไม่ดื่มกาแฟ Ready to Drink เลย,ไม่ดื่มกาแฟ,0.0,0.0,0.0,0.0,0.0,0.0,0.0,0.0,0.0,0.0,0.0,0.0,ดื่มระหว่างวันเหมือน/แทนน้ำเปล่า,"ชงเอง เช่น ผงชา, ใบชา, ถุงชา",ชาแก้วขายตามร้าน เช่น Kamu,บางร้านทำได้อร่อยกว่าชงเอง,ลองถ้าเห็นคนรีวิวเยอะ,"ซื้อจากร้านสะดวกซื้อ เช่น 7-11, ซื้อจากซุปเปอร์มาเก็ต เช่น Tops, ซื้อจากช่องทางออนไลน์​ เช่น Shopee, ซื้อจากเพจของแบรนด์นั้นๆ",5.0,4.0,5.0,5.0,3.0,3.0,4.0,4.0,4.0,3.0,ชอบชา
23-29ปี,พนักงานบริษัทเอกชน,หญิง,กรุงเทพมหานคร,Twitter,ทุกวัน,มากกว่า 6 ชม./วัน,"05.00-8.59น., 9.00-17.59น., 18.00-21.59น., 22.01-4.59น.","9.00-17.59น., 18.00-21.59น., 22.01-4.59น.",ใช้น้อยกว่าปกติ,"สื่อ ณ จุดขาย, โซเชียลมีเดีย เช่น Facebook, Instagram, Twitter, TikTok",กาแฟสดคั่วบด เช่น ร้านกาแฟสด,กาแฟสดคั่วบด,ไม่ดื่มกาแฟ Ready to drink เลย,ไม่ดื่มกาแฟ Ready to drink เลย,4.0,4.0,5.0,2.0,4.0,5.0,4.0,4.0,3.0,2.0,3.0,5.0,"ดื่มให้ตื่นตัวในตอนเช้า, ดื่มให้ตื่นตัวระหว่างทำงานเวลากลางวัน, ดื่มระหว่างเดินทาง/ขับรถ, ดื่มให้ไม่ง่วงในวันที่ทำงานดึก, ดื่มให้ไม่ง่วงในคืนอ่านหนังสือสอบ, ดื่มก่อนไปปาร์ตี้กับเพื่อน","ชาขวดพร้อมดื่ม เช่น Tea P+, Orishi","ชาขวดพร้อมดื่ม เช่น Tea P+, Orishi",น่าเชื่อถือ หอม,ลองเมื่อมีโปรโมชั่น ณ​ จุดขาย,"ซื้อจากร้านสะดวกซื้อ เช่น 7-11, ซื้อจากซุปเปอร์มาเก็ต เช่น Tops, ซื้อจากร้านโชว์ห่วย/ร้านชำ",5.0,5.0,5.0,5.0,3.0,3.0,3.0,4.0,5.0,5.0,ชอบทั้งกาแฟและชา
50ปี ขึ้นไป,พนักงานบริษัทเอกชน,หญิง,สมุทรปราการ,LINE,ทุกวัน,มากกว่า 6 ชม./วัน,"05.00-8.59น., 18.00-21.59น., 22.01-4.59น.","05.00-8.59น., 9.00-17.59น., 18.00-21.59น., 22.01-4.59น.",ใช้มากกว่าปกติ,"โทรทัศน์, สื่อ ณ จุดขาย",กาแฟสดคั่วบด เช่น ร้านกาแฟสด,กาแฟสดคั่วบด,ไม่ดื่มกาแฟ Ready to drink เลย,ไม่ดื่มกาแฟ Ready to drink เลย,5.0,5.0,5.0,5.0,5.0,4.0,3.0,5.0,5.0,5.0,5.0,5.0,"ดื่มหลังมื้ออาหารที่เป็นอาหารทอด น้ำมันเยอะๆ, ดื่มระหว่างเดินทาง/ขับรถ","ชงเอง เช่น ผงชา, ใบชา, ถุงชา","ชงเอง เช่น ผงชา, ใบชา, ถุงชา",ความสดใหม่,ลองถ้าเห็นโฆษณาน่าสนใจ,ซื้อจากร้านสะดวกซื้อ เช่น 7-11,5.0,3.0,3.0,2.0,5.0,3.0,3.0,5.0,5.0,5.0,ชอบทั้งกาแฟและชา
40-49ปี,ฟรีแลนซ์/อาชีพอิสระ,หญิง,กรุงเทพมหานคร,LINE,ทุกวัน,มากกว่า 6 ชม./วัน,22.01-4.59น.,"18.00-21.59น., 22.01-4.59น.",ใช้เท่าเดิม,"โทรทัศน์, บิลบอร์ด/ป้ายโฆษณา",กาแฟสดคั่วบด เช่น ร้านกาแฟสด,กาแฟสดคั่วบด,ไม่ดื่มกาแฟ Ready to drink เลย,ไม่ดื่มกาแฟ Ready to drink เลย,5.0,2.0,5.0,2.0,5.0,2.0,4.0,4.0,3.0,3.0,4.0,3.0,ไม่ดื่มชา,ไม่ดื่มชา,ไม่ดื่มชา,ไม่ดื่มชา,ไม่ลอง,ไม่ซื้อชา ready to drink,0.0,0.0,0.0,0.0,0.0,0.0,0.0,0.0,0.0,0.0,ชอบกาแฟ
23-29ปี,นักศึกษา,หญิง,ขอนแก่น,LINE,3-4 ครั้ง/อาทิตย์,มากกว่า 6 ชม./วัน,"05.00-8.59น., 9.00-17.59น., 18.00-21.59น.","05.00-8.59น., 9.00-17.59น., 18.00-21.59น.",ใช้เท่าเดิม,"บิลบอร์ด/ป้ายโฆษณา, โรงภาพยนตร์, รถเมล์/รถไฟฟ้า, โซเชียลมีเดีย เช่น Facebook, Instagram, Twitter, TikTok, แพลตฟอร์มวิดีโอ เช่น YouTube, VIU",ไม่ดื่มกาแฟประเภทใดเลย,ไม่ดื่มกาแฟ,ไม่ดื่มกาแฟ Ready to Drink เลย,ไม่ดื่มกาแฟ,0.0,0.0,0.0,0.0,0.0,0.0,0.0,0.0,0.0,0.0,0.0,0.0,"ดื่มให้ตื่นตัวในตอนเช้า, ดื่มให้ตื่นตัวระหว่างทำงานเวลากลางวัน, ดื่มระหว่างเดินทาง/ขับรถ, ดื่มให้ไม่ง่วงในวันที่ทำงานดึก, ดื่มให้ไม่ง่วงในคืนอ่านหนังสือสอบ","ชงเอง เช่น ผงชา, ใบชา, ถุงชา","ชงเอง เช่น ผงชา, ใบชา, ถุงชา",ชงตามใจ,ไม่ลอง,"ซื้อจากร้านสะดวกซื้อ เช่น 7-11, ซื้อจากซุปเปอร์มาเก็ต เช่น Tops",3.0,4.0,5.0,2.0,5.0,2.0,2.0,3.0,3.0,3.0,ชอบชา
30-39ปี,พนักงานบริษัทเอกชน,หญิง,กรุงเทพมหานคร,LINE,ทุกวัน,5-6 ชม./วัน,"9.00-17.59น., 22.01-4.59น.","9.00-17.59น., 18.00-21.59น.",ใช้น้อยกว่าปกติ,"โซเชียลมีเดีย เช่น Facebook, Instagram, Twitter, TikTok",แคปซูลกาแฟ,กาแฟสดคั่วบด,ไม่ดื่มกาแฟ Ready to drink เลย,ไม่ดื่มกาแฟ Ready to drink เลย,5.0,5.0,5.0,1.0,5.0,5.0,5.0,5.0,5.0,5.0,5.0,5.0,ดื่มระหว่างมื้ออาหาร แทนเครื่องดื่มอื่นๆ เช่น ชานม,ชาแก้วขายตามร้าน เช่น Kamu,ชาแก้วขายตามร้าน เช่น Kamu,อร่อย,ลองถ้าเห็นคนรีวิวเยอะ,"ซื้อจากร้านสะดวกซื้อ เช่น 7-11, ซื้อจากซุปเปอร์มาเก็ต เช่น Tops, ซื้อจากเพจของแบรนด์นั้นๆ",3.0,3.0,4.0,4.0,3.0,3.0,4.0,5.0,5.0,5.0,ชอบทั้งกาแฟและชา
18-22ปี,นักเรียน,หญิง,กรุงเทพมหานคร,Instagram,ทุกวัน,5-6 ชม./วัน,18.00-21.59น.,"9.00-17.59น., 18.00-21.59น.",ใช้มากกว่าปกติ,"โซเชียลมีเดีย เช่น Facebook, Instagram, Twitter, TikTok, แพลตฟอร์มวิดีโอ เช่น YouTube, VIU",ไม่ดื่มกาแฟประเภทใดเลย,ไม่ดื่มกาแฟ,ไม่ดื่มกาแฟ Ready to Drink เลย,ไม่ดื่มกาแฟ,0.0,0.0,0.0,0.0,0.0,0.0,0.0,0.0,0.0,0.0,0.0,0.0,"ดื่มระหว่างมื้ออาหาร แทนเครื่องดื่มอื่นๆ เช่น ชานม, ดื่มหลังมื้ออาหารที่เป็นอาหารทอด น้ำมันเยอะๆ, ดื่มระหว่างทำงานอดิเรกต่างๆ เช่น ดูซีรีส์, ฟังเพลง, ดูบอล",ชาแก้วขายตามร้าน เช่น Kamu,ชาแก้วขายตามร้าน เช่น Kamu,ชาแต่ละร้านไม่เหมือนกัน,ลองเลย ชอบลองของออกใหม่อยู่แล้ว,"ซื้อจากร้านสะดวกซื้อ เช่น 7-11, ซื้อจากซุปเปอร์มาเก็ต เช่น Tops",5.0,4.0,3.0,2.0,4.0,2.0,2.0,2.0,3.0,2.0,ชอบชา
30-39ปี,พนักงานบริษัทเอกชน,ชาย,กรุงเทพมหานคร,LINE,ทุกวัน,มากกว่า 6 ชม./วัน,18.00-21.59น.,18.00-21.59น.,ใช้เท่าเดิม,โทรทัศน์,ไม่ดื่มกาแฟประเภทใดเลย,ไม่ดื่มกาแฟ,ไม่ดื่มกาแฟ Ready to Drink เลย,ไม่ดื่มกาแฟ,0.0,0.0,0.0,0.0,0.0,0.0,0.0,0.0,0.0,0.0,0.0,0.0,"ดื่มให้ตื่นตัวระหว่างทำงานเวลากลางวัน, ดื่มระหว่างวันเหมือน/แทนน้ำเปล่า, ดื่มระหว่างมื้ออาหาร แทนเครื่องดื่มอื่นๆ เช่น ชานม, ดื่มระหว่างเดินทาง/ขับรถ","ชาขวดพร้อมดื่ม เช่น Tea P+, Orishi","ชาขวดพร้อมดื่ม เช่น Tea P+, Orishi",รสชาด คงที่,"ลองเลย ชอบลองของออกใหม่อยู่แล้ว, ลองเมื่อมีโปรโมชั่น ณ​ จุดขาย","ซื้อจากร้านสะดวกซื้อ เช่น 7-11, ซื้อจากซุปเปอร์มาเก็ต เช่น Tops, ซื้อจากร้านโชว์ห่วย/ร้านชำ",4.0,4.0,5.0,5.0,5.0,4.0,4.0,4.0,4.0,4.0,ชอบชา
23-29ปี,พนักงานบริษัทเอกชน,หญิง,กรุงเทพมหานคร,Twitter,ทุกวัน,มากกว่า 6 ชม./วัน,05.00-8.59น.,05.00-8.59น.,ใช้มากกว่าปกติ,"โซเชียลมีเดีย เช่น Facebook, Instagram, Twitter, TikTok",ไม่ดื่มกาแฟประเภทใดเลย,ไม่ดื่มกาแฟ,ไม่ดื่มกาแฟ Ready to Drink เลย,ไม่ดื่มกาแฟ,0.0,0.0,0.0,0.0,0.0,0.0,0.0,0.0,0.0,0.0,0.0,0.0,"ดื่มระหว่างวันเหมือน/แทนน้ำเปล่า, ดื่มระหว่างมื้ออาหาร แทนเครื่องดื่มอื่นๆ เช่น ชานม",ชาแก้วขายตามร้าน เช่น Kamu,ชาแก้วขายตามร้าน เช่น Kamu,ชอบดื่มชานม,ลองเลย ชอบลองของออกใหม่อยู่แล้ว,ซื้อจากร้านสะดวกซื้อ เช่น 7-11,3.0,3.0,4.0,4.0,4.0,4.0,3.0,4.0,5.0,5.0,ชอบชา
18-22ปี,นักศึกษา,หญิง,กรุงเทพมหานคร,TikTok,ทุกวัน,มากกว่า 6 ชม./วัน,22.01-4.59น.,"05.00-8.59น., 9.00-17.59น., 18.00-21.59น., 22.01-4.59น.",ใช้มากกว่าปกติ,"โซเชียลมีเดีย เช่น Facebook, Instagram, Twitter, TikTok, แพลตฟอร์มวิดีโอ เช่น YouTube, VIU",ไม่ดื่มกาแฟประเภทใดเลย,ไม่ดื่มกาแฟ,ไม่ดื่มกาแฟ Ready to Drink เลย,ไม่ดื่มกาแฟ,0.0,0.0,0.0,0.0,0.0,0.0,0.0,0.0,0.0,0.0,0.0,0.0,"ดื่มระหว่างวันเหมือน/แทนน้ำเปล่า, ดื่มระหว่างมื้ออาหาร แทนเครื่องดื่มอื่นๆ เช่น ชานม, ดื่มระหว่างทำงานอดิเรกต่างๆ เช่น ดูซีรีส์, ฟังเพลง, ดูบอล","ชาขวดพร้อมดื่ม เช่น Tea P+, Orishi","ชาขวดพร้อมดื่ม เช่น Tea P+, Orishi",สะดวกแล้วก็อร่อยไม่ต้องรอคิว,"ลองเมื่อมีโปรโมชั่น ณ​ จุดขาย, ลองถ้าเห็นโฆษณาน่าสนใจ, ลองถ้าเห็นคนรีวิวเยอะ","ซื้อจากร้านสะดวกซื้อ เช่น 7-11, ซื้อจากร้านโชว์ห่วย/ร้านชำ",5.0,3.0,4.0,5.0,5.0,3.0,3.0,5.0,3.0,2.0,ชอบชา
30-39ปี,ข้าราชการ,ชาย,เชียงใหม่,Facebook,ทุกวัน,มากกว่า 6 ชม./วัน,"05.00-8.59น., 9.00-17.59น., 18.00-21.59น., 22.01-4.59น.","05.00-8.59น., 9.00-17.59น., 18.00-21.59น., 22.01-4.59น.",ใช้มากกว่าปกติ,"โซเชียลมีเดีย เช่น Facebook, Instagram, Twitter, TikTok, แพลตฟอร์มวิดีโอ เช่น YouTube, VIU",กาแฟสดคั่วบด เช่น ร้านกาแฟสด,กาแฟสดคั่วบด,ไม่ดื่มกาแฟ Ready to drink เลย,ไม่ดื่มกาแฟ Ready to drink เลย,1.0,1.0,1.0,1.0,1.0,5.0,1.0,3.0,1.0,1.0,1.0,1.0,ดื่มระหว่างวันเหมือน/แทนน้ำเปล่า,"ชาขวดพร้อมดื่ม เช่น Tea P+, Orishi",ชาแก้วขายตามร้าน เช่น Kamu,ชาที่ร้านมีให้เลือกหลากหลาย,ลองถ้าเห็นโฆษณาน่าสนใจ,ซื้อจากร้านสะดวกซื้อ เช่น 7-11,4.0,4.0,4.0,4.0,2.0,1.0,1.0,2.0,3.0,3.0,ชอบชา
18-22ปี,พนักงานบริษัทเอกชน,หญิง,กรุงเทพมหานคร,Twitter,ทุกวัน,5-6 ชม./วัน,"9.00-17.59น., 18.00-21.59น., 22.01-4.59น.","9.00-17.59น., 18.00-21.59น., 22.01-4.59น.",ใช้เท่าเดิม,"โซเชียลมีเดีย เช่น Facebook, Instagram, Twitter, TikTok, แพลตฟอร์มวิดีโอ เช่น YouTube, VIU",ไม่ดื่มกาแฟประเภทใดเลย,ไม่ดื่มกาแฟ,ไม่ดื่มกาแฟ Ready to Drink เลย,ไม่ดื่มกาแฟ,0.0,0.0,0.0,0.0,0.0,0.0,0.0,0.0,0.0,0.0,0.0,0.0,ดื่มระหว่างวันเหมือน/แทนน้ำเปล่า,ชาแก้วขายตามร้าน เช่น Kamu,ชาแก้วขายตามร้าน เช่น Kamu,"อร่อย,สะดวก","ลองเมื่อมีโปรโมชั่น ณ​ จุดขาย, ลองถ้าเห็นคนรีวิวเยอะ, ลองถ้ามีสินค้ามาแจก (Product Sampling)","ซื้อจากร้านสะดวกซื้อ เช่น 7-11, ซื้อจากซุปเปอร์มาเก็ต เช่น Tops",4.0,4.0,4.0,3.0,4.0,3.0,3.0,5.0,5.0,4.0,ชอบชา
18-22ปี,นักศึกษา,หญิง,กรุงเทพมหานคร,Twitter,ทุกวัน,มากกว่า 6 ชม./วัน,"9.00-17.59น., 18.00-21.59น., 22.01-4.59น.","9.00-17.59น., 18.00-21.59น., 22.01-4.59น.",ใช้มากกว่าปกติ,"โซเชียลมีเดีย เช่น Facebook, Instagram, Twitter, TikTok, เว็บไซต์",กาแฟสดคั่วบด เช่น ร้านกาแฟสด,กาแฟสดคั่วบด,Arabic,ดื่มให้ตื่นตัวในตอนเช้า,2.0,3.0,5.0,4.0,4.0,4.0,3.0,5.0,3.0,4.0,5.0,5.0,"ดื่มให้ตื่นตัวในตอนเช้า, ดื่มให้ตื่นตัวระหว่างทำงานเวลากลางวัน, ดื่มระหว่างวันเหมือน/แทนน้ำเปล่า, ดื่มระหว่างมื้ออาหาร แทนเครื่องดื่มอื่นๆ เช่น ชานม, ดื่มหลังมื้ออาหารที่เป็นอาหารทอด น้ำมันเยอะๆ, ดื่มระหว่างทำงานอดิเรกต่างๆ เช่น ดูซีรีส์, ฟังเพลง, ดูบอล, ดื่มระหว่างเดินทาง/ขับรถ, ดื่มให้ไม่ง่วงในวันที่ทำงานดึก, ดื่มให้ไม่ง่วงในคืนอ่านหนังสือสอบ","ชาขวดพร้อมดื่ม เช่น Tea P+, Orishi","ชงเอง เช่น ผงชา, ใบชา, ถุงชา",หอมเป็นเอกลักษณ์ + มีความหลากหลายทั้งดอกไม้ ผลไม้ ชาแต่ละชนิด เลือกตามความชอบตามอารมณ์ และบรรยากาศได้ ไม่ใส่น้ำตาลก็อร่อยไม่ต้องห่วงเรื่องการบริโภคน้ำตาล,"ลองเลย ชอบลองของออกใหม่อยู่แล้ว, ลองถ้าเห็นโฆษณาน่าสนใจ, ลองถ้าเห็นคนรีวิวเยอะ","ซื้อจากร้านสะดวกซื้อ เช่น 7-11, ซื้อจากซุปเปอร์มาเก็ต เช่น Tops, ซื้อจากช่องทางออนไลน์​ เช่น Shopee, ซื้อจากร้านโชว์ห่วย/ร้านชำ",5.0,5.0,5.0,3.0,4.0,4.0,5.0,5.0,5.0,5.0,ชอบทั้งกาแฟและชา
40-49ปี,ฟรีแลนซ์/อาชีพอิสระ,หญิง,กรุงเทพมหานคร,Instagram,ทุกวัน,5-6 ชม./วัน,"9.00-17.59น., 18.00-21.59น.","18.00-21.59น., 22.01-4.59น.",ใช้เท่าเดิม,"โซเชียลมีเดีย เช่น Facebook, Instagram, Twitter, TikTok",กาแฟผงสำเร็จรูป,กาแฟสดคั่วบด,Best,ดื่มทดแทนเมื่อหาร้านกาแฟสดไม่ได้,5.0,4.0,4.0,1.0,5.0,1.0,3.0,4.0,1.0,3.0,4.0,4.0,"ดื่มระหว่างมื้ออาหาร แทนเครื่องดื่มอื่นๆ เช่น ชานม, ดื่มหลังมื้ออาหารที่เป็นอาหารทอด น้ำมันเยอะๆ","ชาขวดพร้อมดื่ม เช่น Tea P+, Orishi",ชาแก้วขายตามร้าน เช่น Kamu,ชงใหม่วันต่อวัน,"ลองเมื่อมีโปรโมชั่น ณ​ จุดขาย, ลองถ้าเห็นโฆษณาน่าสนใจ","ซื้อจากร้านสะดวกซื้อ เช่น 7-11, ซื้อจากซุปเปอร์มาเก็ต เช่น Tops",5.0,5.0,1.0,1.0,3.0,4.0,3.0,4.0,4.0,4.0,ชอบทั้งกาแฟและชา
30-39ปี,พนักงานมหาวิทยาลัย,หญิง,เชียงใหม่,LINE,ทุกวัน,มากกว่า 6 ชม./วัน,22.01-4.59น.,22.01-4.59น.,ใช้เท่าเดิม,"โซเชียลมีเดีย เช่น Facebook, Instagram, Twitter, TikTok, แพลตฟอร์มวิดีโอ เช่น YouTube, VIU",ไม่ดื่มกาแฟประเภทใดเลย,ไม่ดื่มกาแฟ,ไม่ดื่มกาแฟ Ready to Drink เลย,ไม่ดื่มกาแฟ,0.0,0.0,0.0,0.0,0.0,0.0,0.0,0.0,0.0,0.0,0.0,0.0,"ดื่มให้ตื่นตัวระหว่างทำงานเวลากลางวัน, ดื่มระหว่างมื้ออาหาร แทนเครื่องดื่มอื่นๆ เช่น ชานม, ดื่มระหว่างเดินทาง/ขับรถ",ชาแก้วขายตามร้าน เช่น Kamu,ชาแก้วขายตามร้าน เช่น Kamu,ได้รสตามที่ต้องการ,"ลองเมื่อมีโปรโมชั่น ณ​ จุดขาย, ลองถ้าเห็นโฆษณาน่าสนใจ, ลองถ้าเห็นคนรีวิวเยอะ","ซื้อจากร้านสะดวกซื้อ เช่น 7-11, ซื้อจากซุปเปอร์มาเก็ต เช่น Tops",5.0,5.0,4.0,4.0,4.0,3.0,3.0,4.0,4.0,4.0,ชอบชา
30-39ปี,พนักงานบริษัทเอกชน,ชาย,กรุงเทพมหานคร,Facebook,1-2 ครั้ง/อาทิตย์,3-4 ชม./วัน,"05.00-8.59น., 18.00-21.59น.",9.00-17.59น.,ใช้น้อยกว่าปกติ,"แพลตฟอร์มวิดีโอ เช่น YouTube, VIU",กาแฟผงสำเร็จรูป,กาแฟสดคั่วบด,ไม่ดื่มกาแฟ Ready to drink เลย,ไม่ดื่มกาแฟ Ready to drink เลย,1.0,1.0,1.0,1.0,1.0,1.0,1.0,1.0,4.0,1.0,1.0,1.0,ไม่ดื่มชา,ไม่ดื่มชา,ไม่ดื่มชา,ไม่ดื่มชา,ไม่ลอง,ไม่ซื้อชา ready to drink,0.0,0.0,0.0,0.0,0.0,0.0,0.0,0.0,0.0,0.0,ชอบกาแฟ
23-29ปี,พนักงานบริษัทเอกชน,ชาย,นนทบุรี,Facebook,ทุกวัน,มากกว่า 6 ชม./วัน,"9.00-17.59น., 18.00-21.59น., 22.01-4.59น.","9.00-17.59น., 18.00-21.59น., 22.01-4.59น.",ใช้เท่าเดิม,"โซเชียลมีเดีย เช่น Facebook, Instagram, Twitter, TikTok, แพลตฟอร์มวิดีโอ เช่น YouTube, VIU",ไม่ดื่มกาแฟประเภทใดเลย,ไม่ดื่มกาแฟ,ไม่ดื่มกาแฟ Ready to Drink เลย,ไม่ดื่มกาแฟ,0.0,0.0,0.0,0.0,0.0,0.0,0.0,0.0,0.0,0.0,0.0,0.0,"ดื่มหลังมื้ออาหารที่เป็นอาหารทอด น้ำมันเยอะๆ, ดื่มระหว่างทำงานอดิเรกต่างๆ เช่น ดูซีรีส์, ฟังเพลง, ดูบอล, ดื่มระหว่างเดินทาง/ขับรถ",ชาแก้วขายตามร้าน เช่น Kamu,ชาแก้วขายตามร้าน เช่น Kamu,มีรสชาติดี,ลองถ้าเห็นโฆษณาน่าสนใจ,"ซื้อจากร้านสะดวกซื้อ เช่น 7-11, ซื้อจากซุปเปอร์มาเก็ต เช่น Tops",5.0,3.0,5.0,4.0,4.0,4.0,3.0,4.0,3.0,3.0,ชอบชา
18-22ปี,นักเรียน,ชาย,กรุงเทพมหานคร,LINE,ทุกวัน,3-4 ชม./วัน,"05.00-8.59น., 18.00-21.59น.","05.00-8.59น., 9.00-17.59น., 18.00-21.59น.",ใช้น้อยกว่าปกติ,"โทรทัศน์, โซเชียลมีเดีย เช่น Facebook, Instagram, Twitter, TikTok, แอปพลิเคชั่นแชท/ส่งเมสเสจ เช่น LINE, Facebook Messenger",ไม่ดื่มกาแฟประเภทใดเลย,ไม่ดื่มกาแฟ,ไม่ดื่มกาแฟ Ready to Drink เลย,ไม่ดื่มกาแฟ,0.0,0.0,0.0,0.0,0.0,0.0,0.0,0.0,0.0,0.0,0.0,0.0,"ดื่มระหว่างวันเหมือน/แทนน้ำเปล่า, ดื่มให้ไม่ง่วงในคืนอ่านหนังสือสอบ","ชงเอง เช่น ผงชา, ใบชา, ถุงชา","ชงเอง เช่น ผงชา, ใบชา, ถุงชา",มันไม่หวานเกินไปและไม่จืดเกินไป,ลองถ้าเห็นโฆษณาน่าสนใจ,"ซื้อจากร้านสะดวกซื้อ เช่น 7-11, ซื้อจากร้านโชว์ห่วย/ร้านชำ",3.0,5.0,4.0,3.0,4.0,4.0,4.0,3.0,3.0,3.0,ชอบชา
18-22ปี,นักศึกษา,หญิง,กรุงเทพมหานคร,Instagram,ทุกวัน,มากกว่า 6 ชม./วัน,22.01-4.59น.,22.01-4.59น.,ใช้มากกว่าปกติ,"โซเชียลมีเดีย เช่น Facebook, Instagram, Twitter, TikTok",กาแฟพร้อมดื่ม (Ready to drink),กาแฟพร้อมดื่ม (Ready to drink),Arabic,"ดื่มให้ตื่นตัวในตอนเช้า, ดื่มให้ตื่นตัวระหว่างทำงานเวลากลางวัน, ดื่มให้ไม่ง่วงในวันที่ทำงานดึก",3.0,3.0,3.0,3.0,3.0,3.0,3.0,3.0,3.0,3.0,3.0,3.0,"ดื่มระหว่างทำงานอดิเรกต่างๆ เช่น ดูซีรีส์, ฟังเพลง, ดูบอล",ชาแก้วขายตามร้าน เช่น Kamu,"ชงเอง เช่น ผงชา, ใบชา, ถุงชา",รสสดใหม่,ลองถ้าเห็นคนรีวิวเยอะ,"ซื้อจากร้านสะดวกซื้อ เช่น 7-11, ซื้อจากร้านโชว์ห่วย/ร้านชำ",5.0,4.0,3.0,2.0,2.0,2.0,2.0,2.0,2.0,2.0,ชอบทั้งกาแฟและชา
30-39ปี,พนักงานบริษัทเอกชน,หญิง,กรุงเทพมหานคร,LINE,ทุกวัน,3-4 ชม./วัน,9.00-17.59น.,18.00-21.59น.,ใช้น้อยกว่าปกติ,"โทรทัศน์, โซเชียลมีเดีย เช่น Facebook, Instagram, Twitter, TikTok",ไม่ดื่มกาแฟประเภทใดเลย,ไม่ดื่มกาแฟ,ไม่ดื่มกาแฟ Ready to Drink เลย,ไม่ดื่มกาแฟ,0.0,0.0,0.0,0.0,0.0,0.0,0.0,0.0,0.0,0.0,0.0,0.0,ดื่มระหว่างเดินทาง/ขับรถ,ชาแก้วขายตามร้าน เช่น Kamu,ชาแก้วขายตามร้าน เช่น Kamu,เลือกทอปปิ้งได้,"ลองเมื่อมีโปรโมชั่น ณ​ จุดขาย, ลองถ้าเห็นโฆษณาน่าสนใจ","ซื้อจากร้านสะดวกซื้อ เช่น 7-11, ซื้อจากซุปเปอร์มาเก็ต เช่น Tops, ซื้อจากร้านโชว์ห่วย/ร้านชำ",4.0,4.0,4.0,5.0,4.0,4.0,4.0,4.0,4.0,4.0,ชอบชา
30-39ปี,ฟรีแลนซ์/อาชีพอิสระ,หญิง,กรุงเทพมหานคร,Facebook,ทุกวัน,5-6 ชม./วัน,18.00-21.59น.,22.01-4.59น.,ใช้มากกว่าปกติ,"โทรทัศน์, วิทยุ, บิลบอร์ด/ป้ายโฆษณา, รถเมล์/รถไฟฟ้า, สื่อ ณ จุดขาย, โซเชียลมีเดีย เช่น Facebook, Instagram, Twitter, TikTok",กาแฟสดคั่วบด เช่น ร้านกาแฟสด,กาแฟสดคั่วบด,High Coffee,"ดื่มให้ตื่นตัวระหว่างทำงานเวลากลางวัน, ดื่มระหว่างทำงานอดิเรกต่างๆ เช่น ดูซีรีส์, เล่นเกม, ดูบอล",5.0,5.0,5.0,3.0,5.0,5.0,5.0,5.0,4.0,4.0,4.0,4.0,"ดื่มระหว่างวันเหมือน/แทนน้ำเปล่า, ดื่มระหว่างมื้ออาหาร แทนเครื่องดื่มอื่นๆ เช่น ชานม, ดื่มหลังมื้ออาหารที่เป็นอาหารทอด น้ำมันเยอะๆ","ชงเอง เช่น ผงชา, ใบชา, ถุงชา","ชงเอง เช่น ผงชา, ใบชา, ถุงชา",ได้รสชาติตามที่ต้องการ,"ลองเลย ชอบลองของออกใหม่อยู่แล้ว, ลองเมื่อมีโปรโมชั่น ณ​ จุดขาย, ลองถ้าเห็นโฆษณาน่าสนใจ, ลองถ้ามีสินค้ามาแจก (Product Sampling)","ซื้อจากร้านสะดวกซื้อ เช่น 7-11, ซื้อจากซุปเปอร์มาเก็ต เช่น Tops, ซื้อจากร้านโชว์ห่วย/ร้านชำ",4.0,5.0,4.0,4.0,1.0,4.0,4.0,4.0,3.0,4.0,ชอบทั้งกาแฟและชา
30-39ปี,พนักงานบริษัทเอกชน,หญิง,กรุงเทพมหานคร,LINE,ทุกวัน,มากกว่า 6 ชม./วัน,22.01-4.59น.,22.01-4.59น.,ใช้น้อยกว่าปกติ,"โซเชียลมีเดีย เช่น Facebook, Instagram, Twitter, TikTok, แอปพลิเคชั่นแชท/ส่งเมสเสจ เช่น LINE, Facebook Messenger",ไม่ดื่มกาแฟประเภทใดเลย,ไม่ดื่มกาแฟ,ไม่ดื่มกาแฟ Ready to Drink เลย,ไม่ดื่มกาแฟ,0.0,0.0,0.0,0.0,0.0,0.0,0.0,0.0,0.0,0.0,0.0,0.0,"ดื่มหลังมื้ออาหารที่เป็นอาหารทอด น้ำมันเยอะๆ, ดื่มระหว่างเดินทาง/ขับรถ","ชงเอง เช่น ผงชา, ใบชา, ถุงชา","ชาขวดพร้อมดื่ม เช่น Tea P+, Orishi",กินง่าย,"ลองเมื่อมีโปรโมชั่น ณ​ จุดขาย, ลองถ้าเห็นโฆษณาน่าสนใจ","ซื้อจากร้านสะดวกซื้อ เช่น 7-11, ซื้อจากซุปเปอร์มาเก็ต เช่น Tops, ซื้อจากร้านโชว์ห่วย/ร้านชำ",5.0,5.0,3.0,3.0,3.0,3.0,3.0,5.0,5.0,4.0,ชอบชา
23-29ปี,พนักงานบริษัทเอกชน,ชาย,กรุงเทพมหานคร,Instagram,ทุกวัน,มากกว่า 6 ชม./วัน,18.00-21.59น.,22.01-4.59น.,ใช้มากกว่าปกติ,"โซเชียลมีเดีย เช่น Facebook, Instagram, Twitter, TikTok",กาแฟสดคั่วบด เช่น ร้านกาแฟสด,กาแฟสดคั่วบด,Newcafe,ดื่มทดแทนเมื่อหาร้านกาแฟสดไม่ได้,1.0,1.0,1.0,1.0,1.0,1.0,1.0,4.0,1.0,4.0,4.0,4.0,ดื่มระหว่างวันเหมือน/แทนน้ำเปล่า,"ชาขวดพร้อมดื่ม เช่น Tea P+, Orishi","ชาขวดพร้อมดื่ม เช่น Tea P+, Orishi",อร่อย ง่าย,"ลองถ้าเห็นโฆษณาน่าสนใจ, ลองถ้าเห็นคนรีวิวเยอะ, ลองถ้ามีสินค้ามาแจก (Product Sampling)","ซื้อจากร้านสะดวกซื้อ เช่น 7-11, ซื้อจากซุปเปอร์มาเก็ต เช่น Tops",5.0,5.0,5.0,5.0,5.0,5.0,5.0,5.0,5.0,5.0,ชอบทั้งกาแฟและชา
18-22ปี,นักศึกษา,ชาย,แพร่,Facebook,ทุกวัน,3-4 ชม./วัน,18.00-21.59น.,"9.00-17.59น., 18.00-21.59น.",ใช้เท่าเดิม,"โซเชียลมีเดีย เช่น Facebook, Instagram, Twitter, TikTok, แพลตฟอร์มวิดีโอ เช่น YouTube, VIU",ไม่ดื่มกาแฟประเภทใดเลย,ไม่ดื่มกาแฟ,ไม่ดื่มกาแฟ Ready to Drink เลย,ไม่ดื่มกาแฟ,0.0,0.0,0.0,0.0,0.0,0.0,0.0,0.0,0.0,0.0,0.0,0.0,ดื่มหลังมื้ออาหารที่เป็นอาหารทอด น้ำมันเยอะๆ,"ชาขวดพร้อมดื่ม เช่น Tea P+, Orishi","ชาขวดพร้อมดื่ม เช่น Tea P+, Orishi",สะดวก,ลองถ้าเห็นโฆษณาน่าสนใจ,"ซื้อจากร้านสะดวกซื้อ เช่น 7-11, ซื้อจากร้านโชว์ห่วย/ร้านชำ",4.0,4.0,3.0,3.0,3.0,3.0,3.0,5.0,3.0,4.0,ชอบชา
40-49ปี,ธุรกิจส่วนตัว,หญิง,กรุงเทพมหานคร,Twitter,ทุกวัน,มากกว่า 6 ชม./วัน,22.01-4.59น.,22.01-4.59น.,ใช้มากกว่าปกติ,"โซเชียลมีเดีย เช่น Facebook, Instagram, Twitter, TikTok",ไม่ดื่มกาแฟประเภทใดเลย,ไม่ดื่มกาแฟ,ไม่ดื่มกาแฟ Ready to Drink เลย,ไม่ดื่มกาแฟ,0.0,0.0,0.0,0.0,0.0,0.0,0.0,0.0,0.0,0.0,0.0,0.0,ดื่มระหว่างวันเหมือน/แทนน้ำเปล่า,"ชาขวดพร้อมดื่ม เช่น Tea P+, Orishi",ชาแก้วขายตามร้าน เช่น Kamu,ชอบกลิ่นของใบชา,ลองถ้าเห็นคนรีวิวเยอะ,"ซื้อจากร้านสะดวกซื้อ เช่น 7-11, ซื้อจากซุปเปอร์มาเก็ต เช่น Tops",5.0,5.0,5.0,5.0,4.0,4.0,3.0,3.0,3.0,3.0,ชอบชา
40-49ปี,พนักงานบริษัทเอกชน,หญิง,กรุงเทพมหานคร,Facebook,ทุกวัน,มากกว่า 6 ชม./วัน,9.00-17.59น.,9.00-17.59น.,ใช้เท่าเดิม,"โซเชียลมีเดีย เช่น Facebook, Instagram, Twitter, TikTok",ไม่ดื่มกาแฟประเภทใดเลย,ไม่ดื่มกาแฟ,ไม่ดื่มกาแฟ Ready to Drink เลย,ไม่ดื่มกาแฟ,0.0,0.0,0.0,0.0,0.0,0.0,0.0,0.0,0.0,0.0,0.0,0.0,ดื่มระหว่างเดินทาง/ขับรถ,"ชงเอง เช่น ผงชา, ใบชา, ถุงชา","ชงเอง เช่น ผงชา, ใบชา, ถุงชา",สะดวก สะอาด,ลองถ้ามีสินค้ามาแจก (Product Sampling),"ซื้อจากร้านสะดวกซื้อ เช่น 7-11, ซื้อจากซุปเปอร์มาเก็ต เช่น Tops",3.0,5.0,5.0,5.0,5.0,4.0,3.0,4.0,4.0,3.0,ชอบชา
ต่ำกว่า 18ปี,นักเรียน,หญิง,กรุงเทพมหานคร,Twitter,ทุกวัน,3-4 ชม./วัน,18.00-21.59น.,18.00-21.59น.,ใช้เท่าเดิม,"โซเชียลมีเดีย เช่น Facebook, Instagram, Twitter, TikTok",ไม่ดื่มกาแฟประเภทใดเลย,ไม่ดื่มกาแฟ,ไม่ดื่มกาแฟ Ready to Drink เลย,ไม่ดื่มกาแฟ,0.0,0.0,0.0,0.0,0.0,0.0,0.0,0.0,0.0,0.0,0.0,0.0,"ดื่มระหว่างทำงานอดิเรกต่างๆ เช่น ดูซีรีส์, ฟังเพลง, ดูบอล",ชาแก้วขายตามร้าน เช่น Kamu,ชาแก้วขายตามร้าน เช่น Kamu,รวชาติดี,"ลองถ้ามีสินค้ามาแจก (Product Sampling), ไม่ลอง",ซื้อจากร้านสะดวกซื้อ เช่น 7-11,4.0,4.0,5.0,5.0,5.0,4.0,4.0,5.0,5.0,4.0,ชอบชา
23-29ปี,แม่ค้า,หญิง,สมุทรสาคร,TikTok,ทุกวัน,มากกว่า 6 ชม./วัน,18.00-21.59น.,"9.00-17.59น., 18.00-21.59น.",ใช้น้อยกว่าปกติ,"โซเชียลมีเดีย เช่น Facebook, Instagram, Twitter, TikTok",กาแฟสดคั่วบด เช่น ร้านกาแฟสด,กาแฟสดคั่วบด,High Coffee,"ดื่มให้ตื่นตัวระหว่างทำงานเวลากลางวัน, ดื่มระหว่างเดินทาง/ขับรถ",5.0,5.0,5.0,1.0,5.0,4.0,1.0,5.0,4.0,3.0,5.0,5.0,ดื่มให้ตื่นตัวในตอนเช้า,ชาแก้วขายตามร้าน เช่น Kamu,ชาแก้วขายตามร้าน เช่น Kamu,อร่อย กำหนดความหวานเองได้,"ลองเลย ชอบลองของออกใหม่อยู่แล้ว, ลองเมื่อมีโปรโมชั่น ณ​ จุดขาย",ซื้อจากร้านสะดวกซื้อ เช่น 7-11,5.0,5.0,1.0,1.0,1.0,2.0,3.0,5.0,5.0,3.0,ชอบทั้งกาแฟและชา
ต่ำกว่า 18ปี,นักเรียน,หญิง,กรุงเทพมหานคร,Instagram,ทุกวัน,3-4 ชม./วัน,"05.00-8.59น., 9.00-17.59น., 18.00-21.59น., 22.01-4.59น.","9.00-17.59น., 18.00-21.59น., 22.01-4.59น.",ใช้มากกว่าปกติ,"โซเชียลมีเดีย เช่น Facebook, Instagram, Twitter, TikTok",กาแฟสดคั่วบด เช่น ร้านกาแฟสด,กาแฟพร้อมดื่ม (Ready to drink),Arabic,ดื่มให้ตื่นตัวในตอนเช้า,5.0,5.0,5.0,5.0,5.0,5.0,5.0,5.0,5.0,5.0,5.0,5.0,"ดื่มให้ตื่นตัวในตอนเช้า, ดื่มระหว่างวันเหมือน/แทนน้ำเปล่า, ดื่มระหว่างมื้ออาหาร แทนเครื่องดื่มอื่นๆ เช่น ชานม, ดื่มหลังมื้ออาหารที่เป็นอาหารทอด น้ำมันเยอะๆ, ดื่มก่อนออกกำลังกาย",ชาแก้วขายตามร้าน เช่น Kamu,ชาแก้วขายตามร้าน เช่น Kamu,อร่อย,"ลองเลย ชอบลองของออกใหม่อยู่แล้ว, ลองเมื่อมีโปรโมชั่น ณ​ จุดขาย, ลองถ้าเห็นโฆษณาน่าสนใจ, ลองถ้าเห็นคนรีวิวเยอะ","ซื้อจากร้านสะดวกซื้อ เช่น 7-11, ซื้อจากช่องทางออนไลน์​ เช่น Shopee",5.0,5.0,5.0,5.0,5.0,5.0,5.0,5.0,5.0,5.0,ชอบทั้งกาแฟและชา
30-39ปี,พนักงานบริษัทเอกชน,หญิง,กรุงเทพมหานคร,Twitter,ทุกวัน,มากกว่า 6 ชม./วัน,"9.00-17.59น., 18.00-21.59น., 22.01-4.59น.","9.00-17.59น., 18.00-21.59น., 22.01-4.59น.",ใช้เท่าเดิม,"สื่อ ณ จุดขาย, โซเชียลมีเดีย เช่น Facebook, Instagram, Twitter, TikTok",กาแฟผงสำเร็จรูป,กาแฟสดคั่วบด,ไม่ดื่มกาแฟ Ready to drink เลย,ไม่ดื่มกาแฟ Ready to drink เลย,5.0,4.0,5.0,3.0,4.0,3.0,3.0,4.0,3.0,2.0,4.0,4.0,"ดื่มให้ตื่นตัวระหว่างทำงานเวลากลางวัน, ดื่มระหว่างวันเหมือน/แทนน้ำเปล่า, ดื่มระหว่างทำงานอดิเรกต่างๆ เช่น ดูซีรีส์, ฟังเพลง, ดูบอล","ชงเอง เช่น ผงชา, ใบชา, ถุงชา","ชงเอง เช่น ผงชา, ใบชา, ถุงชา",กลิ่นและรสของชามีความกลมกล่อม,ลองถ้าเห็นคนรีวิวเยอะ,"ซื้อจากร้านสะดวกซื้อ เช่น 7-11, ซื้อจากซุปเปอร์มาเก็ต เช่น Tops",5.0,4.0,4.0,2.0,3.0,4.0,3.0,3.0,4.0,4.0,ชอบทั้งกาแฟและชา
23-29ปี,พนักงานบริษัทเอกชน,หญิง,กรุงเทพมหานคร,Instagram,ทุกวัน,3-4 ชม./วัน,"9.00-17.59น., 18.00-21.59น.","9.00-17.59น., 18.00-21.59น., 22.01-4.59น.",ใช้มากกว่าปกติ,"โซเชียลมีเดีย เช่น Facebook, Instagram, Twitter, TikTok",แคปซูลกาแฟ,กาแฟสดคั่วบด,ไม่ดื่มกาแฟ Ready to drink เลย,ไม่ดื่มกาแฟ Ready to drink เลย,3.0,3.0,3.0,3.0,3.0,3.0,3.0,3.0,3.0,3.0,3.0,3.0,ไม่ดื่มชา,ไม่ดื่มชา,ไม่ดื่มชา,ไม่ดื่มชา,ไม่ลอง,ไม่ซื้อชา ready to drink,0.0,0.0,0.0,0.0,0.0,0.0,0.0,0.0,0.0,0.0,ชอบกาแฟ
23-29ปี,พนักงานบริษัทเอกชน,หญิง,กรุงเทพมหานคร,LINE,ทุกวัน,5-6 ชม./วัน,"9.00-17.59น., 18.00-21.59น.","9.00-17.59น., 18.00-21.59น.",ใช้มากกว่าปกติ,"โทรทัศน์, โซเชียลมีเดีย เช่น Facebook, Instagram, Twitter, TikTok, เว็บไซต์",ไม่ดื่มกาแฟประเภทใดเลย,ไม่ดื่มกาแฟ,ไม่ดื่มกาแฟ Ready to Drink เลย,ไม่ดื่มกาแฟ,0.0,0.0,0.0,0.0,0.0,0.0,0.0,0.0,0.0,0.0,0.0,0.0,"ดื่มหลังมื้ออาหารที่เป็นอาหารทอด น้ำมันเยอะๆ, ไม่ดื่มชาเขียวพร้อมดื่ม (Ready to drink) เลย","ชงเอง เช่น ผงชา, ใบชา, ถุงชา","ชงเอง เช่น ผงชา, ใบชา, ถุงชา",กะปริมาณความเข้มข้นได้,ลองถ้ามีสินค้ามาแจก (Product Sampling),ซื้อจากร้านสะดวกซื้อ เช่น 7-11,4.0,3.0,5.0,5.0,4.0,2.0,2.0,4.0,2.0,2.0,ชอบชา
23-29ปี,พนักงานบริษัทเอกชน,หญิง,กรุงเทพมหานคร,Instagram,ทุกวัน,5-6 ชม./วัน,"9.00-17.59น., 18.00-21.59น., 22.01-4.59น.","9.00-17.59น., 18.00-21.59น., 22.01-4.59น.",ใช้เท่าเดิม,"สื่อ ณ จุดขาย, โซเชียลมีเดีย เช่น Facebook, Instagram, Twitter, TikTok",กาแฟสดคั่วบด เช่น ร้านกาแฟสด,กาแฟสดคั่วบด,ไม่ดื่มกาแฟ Ready to drink เลย,ไม่ดื่มกาแฟ Ready to drink เลย,5.0,5.0,5.0,1.0,5.0,2.0,4.0,4.0,1.0,3.0,4.0,5.0,ดื่มระหว่างวันเหมือน/แทนน้ำเปล่า,ชาแก้วขายตามร้าน เช่น Kamu,ชาแก้วขายตามร้าน เช่น Kamu,อร่อย สดใหม่,"ลองเลย ชอบลองของออกใหม่อยู่แล้ว, ลองเมื่อมีโปรโมชั่น ณ​ จุดขาย, ลองถ้าเห็นโฆษณาน่าสนใจ, ลองถ้าเห็นคนรีวิวเยอะ, ลองถ้ามีสินค้ามาแจก (Product Sampling)","ซื้อจากร้านสะดวกซื้อ เช่น 7-11, ซื้อจากซุปเปอร์มาเก็ต เช่น Tops",5.0,4.0,5.0,5.0,5.0,5.0,4.0,5.0,5.0,5.0,ชอบทั้งกาแฟและชา
23-29ปี,พนักงานบริษัทเอกชน,ชาย,ชลบุรี,LINE,ทุกวัน,5-6 ชม./วัน,"18.00-21.59น., 22.01-4.59น.","18.00-21.59น., 22.01-4.59น.",ใช้เท่าเดิม,"แพลตฟอร์มวิดีโอ เช่น YouTube, VIU",กาแฟพร้อมดื่ม (Ready to drink),กาแฟพร้อมดื่ม (Ready to drink),Newcafe,"ดื่มให้ตื่นตัวระหว่างทำงานเวลากลางวัน, ดื่มให้ไม่ง่วงในคืนอ่านหนังสือสอบ",3.0,4.0,4.0,3.0,5.0,5.0,3.0,5.0,5.0,5.0,5.0,5.0,"ดื่มระหว่างทำงานอดิเรกต่างๆ เช่น ดูซีรีส์, ฟังเพลง, ดูบอล, ดื่มระหว่างเดินทาง/ขับรถ","ชาขวดพร้อมดื่ม เช่น Tea P+, Orishi",ชาแก้วขายตามร้าน เช่น Kamu,มันดูน่ากิน หอม,ลองถ้าเห็นคนรีวิวเยอะ,"ซื้อจากร้านสะดวกซื้อ เช่น 7-11, ซื้อจากซุปเปอร์มาเก็ต เช่น Tops",4.0,4.0,2.0,2.0,3.0,3.0,3.0,5.0,5.0,5.0,ชอบทั้งกาแฟและชา
23-29ปี,พนักงานบริษัทเอกชน,ชาย,กรุงเทพมหานคร,Instagram,ทุกวัน,มากกว่า 6 ชม./วัน,"9.00-17.59น., 22.01-4.59น.","05.00-8.59น., 9.00-17.59น., 18.00-21.59น., 22.01-4.59น.",ใช้เท่าเดิม,"โซเชียลมีเดีย เช่น Facebook, Instagram, Twitter, TikTok, แพลตฟอร์มวิดีโอ เช่น YouTube, VIU",ไม่ดื่มกาแฟประเภทใดเลย,ไม่ดื่มกาแฟ,ไม่ดื่มกาแฟ Ready to Drink เลย,ไม่ดื่มกาแฟ,0.0,0.0,0.0,0.0,0.0,0.0,0.0,0.0,0.0,0.0,0.0,0.0,ไม่ดื่มชาเขียวพร้อมดื่ม (Ready to drink) เลย,ชาแก้วขายตามร้าน เช่น Kamu,"ชงเอง เช่น ผงชา, ใบชา, ถุงชา",ได้รสชาติจากใบชาที่ไม่ปรุงแต่งมากกว่า,"ลองถ้ามีสินค้ามาแจก (Product Sampling), ไม่ลอง","ซื้อจากร้านสะดวกซื้อ เช่น 7-11, ซื้อจากร้านโชว์ห่วย/ร้านชำ",5.0,5.0,5.0,2.0,3.0,4.0,4.0,4.0,5.0,1.0,ชอบชา
40-49ปี,ข้าราชการ,หญิง,นครปฐม,LINE,ทุกวัน,3-4 ชม./วัน,9.00-17.59น.,18.00-21.59น.,ใช้เท่าเดิม,"โทรทัศน์, โรงภาพยนตร์, แพลตฟอร์มวิดีโอ เช่น YouTube, VIU",กาแฟสดคั่วบด เช่น ร้านกาแฟสด,กาแฟสดคั่วบด,ไม่ดื่มกาแฟ Ready to drink เลย,ไม่ดื่มกาแฟ Ready to drink เลย,5.0,5.0,5.0,5.0,5.0,5.0,5.0,5.0,5.0,5.0,5.0,5.0,ดื่มระหว่างวันเหมือน/แทนน้ำเปล่า,"ชาขวดพร้อมดื่ม เช่น Tea P+, Orishi","ชาขวดพร้อมดื่ม เช่น Tea P+, Orishi",สะดวก หาง่าย,ลองเมื่อมีโปรโมชั่น ณ​ จุดขาย,ซื้อจากร้านสะดวกซื้อ เช่น 7-11,5.0,5.0,5.0,5.0,5.0,5.0,5.0,5.0,5.0,5.0,ชอบทั้งกาแฟและชา
ต่ำกว่า 18ปี,นักเรียน,ชาย,กรุงเทพมหานคร,Instagram,ทุกวัน,3-4 ชม./วัน,"9.00-17.59น., 18.00-21.59น., 22.01-4.59น.","9.00-17.59น., 18.00-21.59น., 22.01-4.59น.",ใช้เท่าเดิม,"โซเชียลมีเดีย เช่น Facebook, Instagram, Twitter, TikTok, เว็บไซต์, แพลตฟอร์มวิดีโอ เช่น YouTube, VIU",แคปซูลกาแฟ,แคปซูลกาแฟ,ไม่ดื่มกาแฟ Ready to drink เลย,ไม่ดื่มกาแฟ Ready to drink เลย,3.0,3.0,3.0,3.0,4.0,2.0,2.0,3.0,4.0,4.0,5.0,5.0,ดื่มระหว่างวันเหมือน/แทนน้ำเปล่า,ชาแก้วขายตามร้าน เช่น Kamu,ชาแก้วขายตามร้าน เช่น Kamu,อร่อยสุด,ลองเลย ชอบลองของออกใหม่อยู่แล้ว,ซื้อจากร้านสะดวกซื้อ เช่น 7-11,5.0,5.0,5.0,5.0,4.0,5.0,3.0,4.0,3.0,5.0,ชอบทั้งกาแฟและชา
